-- phpMyAdmin SQL Dump
-- version 5.1.0
-- https://www.phpmyadmin.net/
--
-- ホスト: 127.0.0.1
-- 生成日時: 2021-04-08 06:15:36
-- サーバのバージョン： 10.4.18-MariaDB
-- PHP のバージョン: 8.0.3

SET SQL_MODE = "NO_AUTO_VALUE_ON_ZERO";
START TRANSACTION;
SET time_zone = "+00:00";


/*!40101 SET @OLD_CHARACTER_SET_CLIENT=@@CHARACTER_SET_CLIENT */;
/*!40101 SET @OLD_CHARACTER_SET_RESULTS=@@CHARACTER_SET_RESULTS */;
/*!40101 SET @OLD_COLLATION_CONNECTION=@@COLLATION_CONNECTION */;
/*!40101 SET NAMES utf8mb4 */;

--
-- データベース: `_tributor`
--

-- --------------------------------------------------------

--
-- テーブルの構造 `attached_contents`
--

CREATE TABLE `attached_contents` (
  `id` int(11) NOT NULL,
  `post_id` int(11) NOT NULL,
  `content_type` varchar(16) NOT NULL,
  `content_file_path` varchar(64) NOT NULL,
  `created_at` timestamp NOT NULL DEFAULT current_timestamp(),
  `updated_at` timestamp NOT NULL DEFAULT current_timestamp() ON UPDATE current_timestamp()
) ENGINE=InnoDB DEFAULT CHARSET=utf8;

--
-- テーブルのデータのダンプ `attached_contents`
--

INSERT INTO `attached_contents` (`id`, `post_id`, `content_type`, `content_file_path`, `created_at`, `updated_at`) VALUES
(1, 217, 'png', 'img/post_img/217.png', '2020-01-09 13:53:18', '2020-01-09 13:53:18'),
(2, 217, 'png', 'img/post_img/217.png', '2020-01-09 13:53:18', '2020-01-09 13:53:18'),
(3, 218, 'png', 'img/post_img/218.png', '2020-01-09 13:57:43', '2020-01-09 13:57:43'),
(4, 218, 'png', 'img/post_img/218.png', '2020-01-09 13:57:43', '2020-01-09 13:57:43'),
(5, 218, 'png', 'img/post_img/218.png', '2020-01-09 13:57:43', '2020-01-09 13:57:43'),
(6, 219, 'png', 'img/post_img/219.png', '2020-01-09 14:04:24', '2020-01-09 14:04:24'),
(7, 219, 'png', 'img/post_img/219.png', '2020-01-09 14:04:24', '2020-01-09 14:04:24'),
(8, 219, 'png', 'img/post_img/219.png', '2020-01-09 14:04:24', '2020-01-09 14:04:24'),
(9, 220, 'png', 'img/post_img/220.png', '2020-01-09 14:06:44', '2020-01-09 14:06:44'),
(10, 220, 'png', 'img/post_img/220.png', '2020-01-09 14:06:44', '2020-01-09 14:06:44'),
(11, 221, 'png', 'img/post_img/221.png', '2020-01-09 14:07:55', '2020-01-09 14:07:55'),
(12, 221, 'png', 'img/post_img/221.png', '2020-01-09 14:07:55', '2020-01-09 14:07:55'),
(13, 222, 'png', 'img/post_img/222.png', '2020-01-09 14:17:05', '2020-01-09 14:17:05'),
(14, 222, 'png', 'img/post_img/222.png', '2020-01-09 14:17:05', '2020-01-09 14:17:05'),
(15, 223, 'png', 'img/post_img/223_0', '2020-01-09 14:55:18', '2020-01-09 14:55:18'),
(16, 223, 'png', 'img/post_img/223_1', '2020-01-09 14:55:18', '2020-01-09 14:55:18'),
(17, 223, 'png', 'img/post_img/223_2', '2020-01-09 14:55:18', '2020-01-09 14:55:18'),
(18, 224, 'png', 'img/post_img/224_0.png', '2020-01-09 14:58:04', '2020-01-09 14:58:04'),
(19, 224, 'png', 'img/post_img/224_1.png', '2020-01-09 14:58:04', '2020-01-09 14:58:04'),
(20, 227, 'png', 'img/post_img/227_0.png', '2020-01-09 15:12:48', '2020-01-09 15:12:48'),
(21, 227, 'png', 'img/post_img/227_1.png', '2020-01-09 15:12:48', '2020-01-09 15:12:48'),
(22, 228, 'png', 'img/post_img/228_0.png', '2020-01-09 15:16:30', '2020-01-09 15:16:30'),
(23, 228, 'png', 'img/post_img/228_1.png', '2020-01-09 15:16:30', '2020-01-09 15:16:30'),
(24, 229, 'png', 'img/post_img/229_0.png', '2020-01-09 15:21:36', '2020-01-09 15:21:36'),
(25, 229, 'png', 'img/post_img/229_1.png', '2020-01-09 15:21:36', '2020-01-09 15:21:36'),
(26, 230, 'png', 'img/post_img/230_0.png', '2020-01-09 15:22:01', '2020-01-09 15:22:01'),
(27, 231, 'png', 'img/post_img/231_0.png', '2020-01-09 15:28:39', '2020-01-09 15:28:39'),
(28, 231, 'png', 'img/post_img/231_1.png', '2020-01-09 15:28:40', '2020-01-09 15:28:40'),
(29, 231, 'png', 'img/post_img/231_2.png', '2020-01-09 15:28:40', '2020-01-09 15:28:40'),
(30, 231, 'png', 'img/post_img/231_3.png', '2020-01-09 15:28:41', '2020-01-09 15:28:41'),
(31, 239, 'png', 'img/post_img/239_0.png', '2020-01-09 16:07:26', '2020-01-09 16:07:26'),
(32, 240, 'png', 'img/post_img/240_0.png', '2020-01-09 16:08:04', '2020-01-09 16:08:04'),
(33, 241, 'png', 'img/post_img/241_0.png', '2020-01-09 16:12:01', '2020-01-09 16:12:01'),
(34, 241, 'png', 'img/post_img/241_1.png', '2020-01-09 16:12:02', '2020-01-09 16:12:02'),
(35, 242, 'png', 'img/post_img/242_0.png', '2020-01-09 16:12:51', '2020-01-09 16:12:51'),
(36, 242, 'png', 'img/post_img/242_1.png', '2020-01-09 16:12:51', '2020-01-09 16:12:51'),
(37, 247, 'png', 'img/post_img/247_0.png', '2020-01-09 16:19:24', '2020-01-09 16:19:24'),
(38, 247, 'png', 'img/post_img/247_1.png', '2020-01-09 16:19:24', '2020-01-09 16:19:24'),
(39, 248, 'png', 'img/post_img/248_0.png', '2020-01-09 16:20:38', '2020-01-09 16:20:38'),
(40, 249, 'png', 'img/post_img/249_0.png', '2020-01-09 16:20:53', '2020-01-09 16:20:53'),
(41, 250, 'png', 'img/post_img/250_0.png', '2020-01-09 16:26:29', '2020-01-09 16:26:29'),
(42, 251, 'png', 'img/post_img/251_0.png', '2020-01-09 16:29:15', '2020-01-09 16:29:15'),
(43, 252, 'png', 'img/post_img/252_0.png', '2020-01-09 16:29:24', '2020-01-09 16:29:24'),
(44, 253, 'png', 'img/post_img/253_0.png', '2020-01-09 16:29:39', '2020-01-09 16:29:39'),
(45, 254, 'png', 'img/post_img/254_0.png', '2020-01-09 16:30:24', '2020-01-09 16:30:24'),
(46, 255, 'png', 'img/post_img/255_0.png', '2020-01-09 16:30:58', '2020-01-09 16:30:58'),
(47, 255, 'png', 'img/post_img/255_1.png', '2020-01-09 16:30:58', '2020-01-09 16:30:58'),
(48, 256, 'png', 'img/post_img/256_0.png', '2020-01-09 16:36:59', '2020-01-09 16:36:59'),
(49, 256, 'png', 'img/post_img/256_1.png', '2020-01-09 16:37:00', '2020-01-09 16:37:00'),
(50, 263, 'png', 'img/post_img/263_0.png', '2020-01-09 16:44:33', '2020-01-09 16:44:33'),
(51, 264, 'png', 'img/post_img/264_0.png', '2020-01-09 16:46:13', '2020-01-09 16:46:13'),
(52, 264, 'png', 'img/post_img/264_1.png', '2020-01-09 16:46:14', '2020-01-09 16:46:14'),
(53, 264, 'png', 'img/post_img/264_2.png', '2020-01-09 16:46:15', '2020-01-09 16:46:15'),
(54, 264, 'png', 'img/post_img/264_3.png', '2020-01-09 16:46:15', '2020-01-09 16:46:15'),
(55, 265, 'png', 'img/post_img/265_0.png', '2020-01-09 16:48:21', '2020-01-09 16:48:21'),
(56, 265, 'png', 'img/post_img/265_1.png', '2020-01-09 16:48:21', '2020-01-09 16:48:21'),
(57, 265, 'png', 'img/post_img/265_2.png', '2020-01-09 16:48:22', '2020-01-09 16:48:22'),
(58, 265, 'png', 'img/post_img/265_3.png', '2020-01-09 16:48:22', '2020-01-09 16:48:22'),
(59, 274, 'png', 'img/post_img/274_0.png', '2020-01-12 22:09:03', '2020-01-12 22:09:03'),
(60, 284, 'png', 'img/post_img/284_0.png', '2020-01-23 01:59:53', '2020-01-23 01:59:53'),
(61, 290, 'png', 'img/post_img/290_0.png', '2020-01-24 22:46:34', '2020-01-24 22:46:34'),
(62, 290, 'png', 'img/post_img/290_1.png', '2020-01-24 22:46:35', '2020-01-24 22:46:35'),
(63, 290, 'png', 'img/post_img/290_2.png', '2020-01-24 22:46:35', '2020-01-24 22:46:35'),
(64, 290, 'png', 'img/post_img/290_3.png', '2020-01-24 22:46:36', '2020-01-24 22:46:36'),
(65, 291, 'png', 'img/post_img/291_0.png', '2020-01-24 23:35:14', '2020-01-24 23:35:14'),
(66, 291, 'png', 'img/post_img/291_1.png', '2020-01-24 23:35:14', '2020-01-24 23:35:14'),
(67, 291, 'png', 'img/post_img/291_2.png', '2020-01-24 23:35:14', '2020-01-24 23:35:14'),
(68, 292, 'png', 'img/post_img/292_0.png', '2020-01-24 23:45:57', '2020-01-24 23:45:57'),
(69, 293, 'png', 'img/post_img/293_0.png', '2020-01-25 00:42:47', '2020-01-25 00:42:47'),
(70, 293, 'png', 'img/post_img/293_1.png', '2020-01-25 00:42:48', '2020-01-25 00:42:48'),
(71, 293, 'png', 'img/post_img/293_2.png', '2020-01-25 00:42:48', '2020-01-25 00:42:48'),
(72, 293, 'png', 'img/post_img/293_3.png', '2020-01-25 00:42:48', '2020-01-25 00:42:48'),
(73, 294, 'png', 'img/post_img/294_0.png', '2020-01-26 00:59:31', '2020-01-26 00:59:31'),
(74, 294, 'png', 'img/post_img/294_1.png', '2020-01-26 00:59:31', '2020-01-26 00:59:31'),
(75, 294, 'png', 'img/post_img/294_2.png', '2020-01-26 00:59:31', '2020-01-26 00:59:31'),
(76, 295, 'png', 'img/post_img/295_0.png', '2020-01-26 01:35:49', '2020-01-26 01:35:49'),
(77, 296, 'png', 'img/post_img/296_0.png', '2020-01-26 01:36:39', '2020-01-26 01:36:39'),
(78, 322, 'png', 'img/post_img/322_0.png', '2020-01-26 15:35:47', '2020-01-26 15:35:47'),
(79, 323, 'png', 'img/post_img/323_0.png', '2020-01-26 15:38:05', '2020-01-26 15:38:05'),
(80, 327, 'gif', 'img/post_img/327_0', '2020-01-26 16:26:05', '2020-01-26 16:26:05'),
(81, 328, 'png', 'img/post_img/328_0.png', '2020-01-26 17:17:58', '2020-01-26 17:17:58'),
(82, 328, 'png', 'img/post_img/328_1.png', '2020-01-26 17:17:59', '2020-01-26 17:17:59'),
(83, 337, 'jpe', 'img/post_img/337_0', '2020-01-26 18:08:01', '2020-01-26 18:08:01'),
(84, 341, 'png', 'img/post_img/341_0', '2020-01-26 19:04:29', '2020-01-26 19:04:29'),
(85, 341, 'jpe', 'img/post_img/341_1', '2020-01-26 19:04:29', '2020-01-26 19:04:29'),
(86, 341, 'jpe', 'img/post_img/341_2', '2020-01-26 19:04:29', '2020-01-26 19:04:29'),
(87, 342, 'png', 'img/post_img/342_0', '2020-01-26 19:04:53', '2020-01-26 19:04:53'),
(88, 342, 'jpe', 'img/post_img/342_1', '2020-01-26 19:04:53', '2020-01-26 19:04:53'),
(89, 342, 'jpe', 'img/post_img/342_2', '2020-01-26 19:04:54', '2020-01-26 19:04:54'),
(90, 355, 'jpe', 'img/post_img/355_0.png', '2020-01-26 19:32:59', '2020-01-26 19:32:59'),
(91, 355, 'jpe', 'img/post_img/355_1.png', '2020-01-26 19:32:59', '2020-01-26 19:32:59'),
(92, 355, 'jpe', 'img/post_img/355_2.png', '2020-01-26 19:32:59', '2020-01-26 19:32:59'),
(93, 355, 'jpe', 'img/post_img/355_3.png', '2020-01-26 19:33:00', '2020-01-26 19:33:00'),
(94, 371, 'png', 'img/post_img/371_0.png', '2020-01-26 21:55:56', '2020-01-26 21:55:56'),
(95, 371, 'png', 'img/post_img/371_1.png', '2020-01-26 21:55:57', '2020-01-26 21:55:57'),
(96, 371, 'png', 'img/post_img/371_2.png', '2020-01-26 21:55:57', '2020-01-26 21:55:57'),
(97, 371, 'png', 'img/post_img/371_3.png', '2020-01-26 21:55:58', '2020-01-26 21:55:58'),
(98, 372, 'png', 'img/post_img/372_0.png', '2020-01-27 00:49:03', '2020-01-27 00:49:03'),
(99, 372, 'png', 'img/post_img/372_1.png', '2020-01-27 00:49:04', '2020-01-27 00:49:04'),
(100, 372, 'png', 'img/post_img/372_2.png', '2020-01-27 00:49:04', '2020-01-27 00:49:04'),
(101, 373, 'png', 'img/post_img/373_0.png', '2020-01-27 00:51:29', '2020-01-27 00:51:29'),
(102, 373, 'png', 'img/post_img/373_1.png', '2020-01-27 00:51:29', '2020-01-27 00:51:29'),
(103, 373, 'png', 'img/post_img/373_2.png', '2020-01-27 00:51:30', '2020-01-27 00:51:30'),
(104, 374, 'png', 'img/post_img/374_0.png', '2020-01-27 00:53:35', '2020-01-27 00:53:35'),
(105, 374, 'png', 'img/post_img/374_1.png', '2020-01-27 00:53:35', '2020-01-27 00:53:35'),
(106, 375, 'png', 'img/post_img/375_0.png', '2020-01-27 00:53:36', '2020-01-27 00:53:36'),
(107, 375, 'png', 'img/post_img/375_1.png', '2020-01-27 00:53:37', '2020-01-27 00:53:37'),
(108, 376, 'png', 'img/post_img/376_0.png', '2020-01-27 09:23:44', '2020-01-27 09:23:44'),
(109, 376, 'png', 'img/post_img/376_1.png', '2020-01-27 09:23:44', '2020-01-27 09:23:44'),
(110, 377, 'png', 'img/post_img/377_0.png', '2020-01-27 11:17:46', '2020-01-27 11:17:46'),
(111, 377, 'png', 'img/post_img/377_1.png', '2020-01-27 11:17:47', '2020-01-27 11:17:47'),
(112, 377, 'png', 'img/post_img/377_2.png', '2020-01-27 11:17:47', '2020-01-27 11:17:47'),
(113, 377, 'png', 'img/post_img/377_3.png', '2020-01-27 11:17:47', '2020-01-27 11:17:47'),
(114, 382, 'png', 'img/post_img/382_0.png', '2020-01-27 11:26:44', '2020-01-27 11:26:44'),
(115, 382, 'png', 'img/post_img/382_1.png', '2020-01-27 11:26:44', '2020-01-27 11:26:44'),
(116, 382, 'png', 'img/post_img/382_2.png', '2020-01-27 11:26:44', '2020-01-27 11:26:44'),
(117, 386, 'png', 'img/post_img/386_0.png', '2020-01-27 11:32:22', '2020-01-27 11:32:22'),
(118, 410, 'png', 'img/post_img/410_0.png', '2020-01-28 04:36:09', '2020-01-28 04:36:09'),
(119, 410, 'png', 'img/post_img/410_1.png', '2020-01-28 04:36:09', '2020-01-28 04:36:09'),
(120, 410, 'png', 'img/post_img/410_2.png', '2020-01-28 04:36:10', '2020-01-28 04:36:10'),
(121, 410, 'png', 'img/post_img/410_3.png', '2020-01-28 04:36:10', '2020-01-28 04:36:10'),
(122, 411, 'png', 'img/post_img/411_0.png', '2020-01-28 04:53:46', '2020-01-28 04:53:46'),
(123, 412, 'png', 'img/post_img/412_0.png', '2020-01-28 05:00:06', '2020-01-28 05:00:06'),
(124, 415, 'png', 'img/post_img/415_0.png', '2020-01-28 05:43:31', '2020-01-28 05:43:31'),
(125, 416, 'png', 'img/post_img/416_0.png', '2020-01-28 05:45:18', '2020-01-28 05:45:18'),
(126, 417, 'png', 'img/post_img/417_0.png', '2020-01-28 05:45:40', '2020-01-28 05:45:40'),
(127, 418, 'png', 'img/post_img/418_0.png', '2020-01-28 05:45:51', '2020-01-28 05:45:51'),
(128, 419, 'png', 'img/post_img/419_0.png', '2020-01-28 05:46:04', '2020-01-28 05:46:04'),
(129, 420, 'png', 'img/post_img/420_0.png', '2020-01-28 05:57:43', '2020-01-28 05:57:43'),
(130, 421, 'png', 'img/post_img/421_0.png', '2020-01-28 06:00:59', '2020-01-28 06:00:59'),
(131, 422, 'png', 'img/post_img/422_0.png', '2020-01-28 06:01:48', '2020-01-28 06:01:48'),
(132, 423, 'png', 'img/post_img/423_0.png', '2020-01-28 06:02:57', '2020-01-28 06:02:57'),
(133, 423, 'png', 'img/post_img/423_1.png', '2020-01-28 06:02:58', '2020-01-28 06:02:58'),
(134, 423, 'png', 'img/post_img/423_2.png', '2020-01-28 06:02:58', '2020-01-28 06:02:58'),
(135, 424, 'png', 'img/post_img/424_0.png', '2020-01-28 07:54:20', '2020-01-28 07:54:20'),
(136, 424, 'png', 'img/post_img/424_1.png', '2020-01-28 07:54:20', '2020-01-28 07:54:20'),
(137, 424, 'png', 'img/post_img/424_2.png', '2020-01-28 07:54:21', '2020-01-28 07:54:21'),
(138, 425, 'png', 'img/post_img/425_0.png', '2020-01-28 07:57:49', '2020-01-28 07:57:49'),
(139, 425, 'png', 'img/post_img/425_1.png', '2020-01-28 07:57:50', '2020-01-28 07:57:50'),
(140, 425, 'png', 'img/post_img/425_2.png', '2020-01-28 07:57:50', '2020-01-28 07:57:50'),
(141, 426, 'png', 'img/post_img/426_0.png', '2020-01-28 07:57:52', '2020-01-28 07:57:52'),
(142, 426, 'png', 'img/post_img/426_1.png', '2020-01-28 07:57:53', '2020-01-28 07:57:53'),
(143, 426, 'png', 'img/post_img/426_2.png', '2020-01-28 07:57:53', '2020-01-28 07:57:53'),
(144, 435, 'png', 'img/post_img/435_0.png', '2020-01-29 13:55:43', '2020-01-29 13:55:43'),
(145, 436, 'png', 'img/post_img/436_0.png', '2020-01-29 13:56:04', '2020-01-29 13:56:04'),
(146, 437, 'jpe', 'img/post_img/437_0jpe', '2020-01-30 22:12:40', '2020-01-30 22:12:40'),
(147, 437, 'gif', 'img/post_img/437_1gif', '2020-01-30 22:12:40', '2020-01-30 22:12:40'),
(148, 438, 'gif', 'img/post_img/438_0.png', '2020-01-30 22:22:49', '2020-01-30 22:22:49'),
(149, 438, 'jpe', 'img/post_img/438_0.png', '2020-01-30 22:22:49', '2020-01-30 22:22:49'),
(150, 439, 'gif', 'img/post_img/439_0.png', '2020-01-30 22:30:22', '2020-01-30 22:30:22'),
(151, 439, 'jpe', 'img/post_img/439_1.png', '2020-01-30 22:30:22', '2020-01-30 22:30:22'),
(152, 440, 'gif', 'img/post_img/440_0.png', '2020-01-30 23:01:57', '2020-01-30 23:01:57'),
(153, 440, 'jpe', 'img/post_img/440_1.png', '2020-01-30 23:01:57', '2020-01-30 23:01:57'),
(154, 441, 'jpe', 'img/post_img/441_0.png', '2020-01-30 23:04:12', '2020-01-30 23:04:12'),
(155, 441, 'gif', 'img/post_img/441_1.gif', '2020-01-30 23:04:12', '2020-01-30 23:04:12'),
(156, 465, 'png', 'img/post_img/465_0.png', '2020-02-01 15:57:45', '2020-02-01 15:57:45'),
(157, 466, 'jpe', 'img/post_img/466_0.png', '2020-02-03 06:18:46', '2020-02-03 06:18:46'),
(158, 468, 'png', 'img/post_img/468_0.png', '2020-02-04 02:55:22', '2020-02-04 02:55:22'),
(159, 470, 'jpe', 'img/post_img/470_0.png', '2020-02-04 03:00:14', '2020-02-04 03:00:14'),
(160, 470, 'jpe', 'img/post_img/470_1.png', '2020-02-04 03:00:14', '2020-02-04 03:00:14'),
(161, 470, 'jpe', 'img/post_img/470_2.png', '2020-02-04 03:00:14', '2020-02-04 03:00:14'),
(162, 471, 'jpe', 'img/post_img/471_0.png', '2020-02-05 14:10:30', '2020-02-05 14:10:30'),
(163, 471, 'gif', 'img/post_img/471_1.gif', '2020-02-05 14:10:30', '2020-02-05 14:10:30'),
(164, 471, 'jpe', 'img/post_img/471_2.png', '2020-02-05 14:10:30', '2020-02-05 14:10:30'),
(165, 471, 'jpe', 'img/post_img/471_3.png', '2020-02-05 14:10:31', '2020-02-05 14:10:31'),
(166, 474, 'jpe', 'img/post_img/474_0.png', '2020-02-05 14:15:14', '2020-02-05 14:15:14'),
(167, 474, 'jpe', 'img/post_img/474_1.png', '2020-02-05 14:15:15', '2020-02-05 14:15:15'),
(168, 474, 'jpe', 'img/post_img/474_2.png', '2020-02-05 14:15:15', '2020-02-05 14:15:15'),
(169, 474, 'jpe', 'img/post_img/474_3.png', '2020-02-05 14:15:15', '2020-02-05 14:15:15'),
(170, 476, 'jpe', 'img/post_img/476_0.png', '2020-02-05 14:18:45', '2020-02-05 14:18:45'),
(171, 476, 'jpe', 'img/post_img/476_1.png', '2020-02-05 14:18:46', '2020-02-05 14:18:46'),
(172, 476, 'jpe', 'img/post_img/476_2.png', '2020-02-05 14:18:46', '2020-02-05 14:18:46'),
(173, 476, 'jpe', 'img/post_img/476_3.png', '2020-02-05 14:18:46', '2020-02-05 14:18:46'),
(174, 478, 'jpe', 'img/post_img/478_0.png', '2020-02-06 03:14:10', '2020-02-06 03:14:10');

-- --------------------------------------------------------

--
-- テーブルの構造 `disclosure_lists`
--

CREATE TABLE `disclosure_lists` (
  `id` int(11) NOT NULL,
  `name` varchar(32) NOT NULL,
  `owner_user_id` varchar(32) NOT NULL,
  `is_published` tinyint(1) NOT NULL,
  `is_hidden` tinyint(1) NOT NULL,
  `created_at` timestamp NOT NULL DEFAULT current_timestamp(),
  `updated_at` timestamp NOT NULL DEFAULT current_timestamp() ON UPDATE current_timestamp()
) ENGINE=InnoDB DEFAULT CHARSET=utf8;

--
-- テーブルのデータのダンプ `disclosure_lists`
--

INSERT INTO `disclosure_lists` (`id`, `name`, `owner_user_id`, `is_published`, `is_hidden`, `created_at`, `updated_at`) VALUES
(1, '規約違反により数件のリストを削除しました。（警告）', 'hishida1', 1, 0, '2019-12-09 05:52:40', '2019-12-09 05:53:34'),
(2, 'distributor', 'hishida1', 1, 0, '2019-12-04 07:56:37', '2019-12-09 05:53:28'),
(3, 'IDばぐってる', 'hishida1', 1, 0, '2019-12-06 15:26:40', '2019-12-06 15:26:40'),
(5, 'hishi', 'hishida1', 1, 0, '2019-12-09 02:50:45', '2019-12-09 02:50:45'),
(8, 'テスト', 'hishida1', 1, 0, '2019-12-09 03:34:33', '2019-12-09 03:34:33'),
(11, 'sadwad', 'hishida1', 1, 0, '2019-12-09 03:40:55', '2019-12-09 03:40:55'),
(12, 'sadwad', 'hishida1', 1, 0, '2019-12-09 03:42:02', '2019-12-09 03:42:02'),
(13, 'hishida1', 'hishida1', 1, 0, '2019-12-09 03:42:35', '2019-12-09 03:42:35'),
(14, 'hishida1', 'hishida1', 1, 0, '2019-12-09 03:50:54', '2019-12-09 03:50:54'),
(15, 'hishida1', 'hishida1', 1, 0, '2019-12-09 04:00:46', '2019-12-09 04:00:46'),
(16, 'hishida1', 'hishida1', 1, 0, '2019-12-09 04:13:50', '2019-12-09 04:13:50'),
(17, 'hishida1', 'hishida1', 1, 0, '2019-12-09 04:14:18', '2019-12-09 04:14:18'),
(18, 'unnn', 'hishida1', 1, 0, '2019-12-09 04:21:08', '2019-12-09 04:21:08'),
(19, 'unnn', 'hishida1', 1, 0, '2019-12-09 04:22:11', '2019-12-09 04:22:11'),
(20, 'unnn', 'hishida1', 1, 0, '2019-12-09 04:22:58', '2019-12-09 04:22:58'),
(21, 'unnn', 'hishida1', 1, 0, '2019-12-09 04:48:12', '2019-12-09 04:48:12'),
(23, 'hishida', 'hishida1', 1, 0, '2019-12-09 06:11:17', '2019-12-09 06:11:17'),
(24, 'hishida', 'hishida1', 1, 0, '2019-12-09 06:11:20', '2019-12-09 06:11:20'),
(25, 'hishida', 'hishida1', 1, 0, '2019-12-09 06:12:14', '2019-12-09 06:12:14'),
(26, 'いいか', 'hishida1', 1, 0, '2019-12-09 06:28:05', '2019-12-09 06:28:05'),
(27, 'いいか', 'hishida1', 1, 0, '2019-12-09 06:28:20', '2019-12-09 06:28:20'),
(28, 'いいか', 'hishida1', 1, 0, '2019-12-09 06:28:22', '2019-12-09 06:28:22'),
(29, 'いいか', 'hishida1', 1, 0, '2019-12-09 06:28:24', '2019-12-09 06:28:24'),
(30, 'いいか', 'hishida1', 1, 0, '2019-12-09 06:28:25', '2019-12-09 06:28:25'),
(31, 'いいか', 'hishida1', 1, 0, '2019-12-09 06:30:37', '2019-12-09 06:30:37'),
(32, 'いいか', 'hishida1', 1, 0, '2019-12-09 06:31:26', '2019-12-09 06:31:26'),
(33, 'adw', 'hishida1', 1, 0, '2019-12-09 06:31:57', '2019-12-09 06:31:57'),
(34, 'ddd', 'hishida1', 1, 0, '2019-12-09 06:33:59', '2019-12-09 06:33:59'),
(35, 'ddd', 'hishida1', 1, 0, '2019-12-09 06:37:20', '2019-12-09 06:37:20'),
(36, 'dsfsdfds', 'hishida1', 1, 0, '2019-12-09 06:37:44', '2019-12-09 06:37:44'),
(37, 'dsfsdfds', 'hishida1', 1, 0, '2019-12-09 06:37:51', '2019-12-09 06:37:51'),
(38, 'dsfsdfds', 'hishida1', 1, 0, '2019-12-09 06:40:51', '2019-12-09 06:40:51'),
(39, 'sadawd', 'hishida1', 1, 0, '2019-12-09 06:43:26', '2019-12-09 06:43:26'),
(40, 'sadawd', 'hishida1', 1, 0, '2019-12-09 06:43:43', '2019-12-09 06:43:43'),
(41, 'sadawd', 'hishida1', 1, 0, '2019-12-09 06:43:47', '2019-12-09 06:43:47'),
(42, 'sss', 'hishida1', 1, 0, '2019-12-09 06:44:48', '2019-12-09 06:44:48'),
(43, 'sss', 'hishida1', 1, 0, '2019-12-09 06:45:17', '2019-12-09 06:45:17'),
(44, 'hishi', 'hishida1', 1, 0, '2019-12-09 06:45:40', '2019-12-09 06:45:40'),
(45, 'hishida', 'hishida1', 1, 0, '2019-12-09 07:00:14', '2019-12-09 07:00:14'),
(46, 'てすと', 'hishida1', 1, 0, '2019-12-09 07:12:26', '2019-12-09 07:12:26'),
(47, 'てすと', 'hishida1', 1, 0, '2019-12-09 07:14:35', '2019-12-09 07:14:35'),
(48, 'hishidates', 'hishida1', 1, 0, '2019-12-09 07:16:09', '2019-12-09 07:16:09'),
(49, 'tester', 'hishida1', 1, 0, '2019-12-09 07:19:46', '2019-12-09 07:19:46'),
(50, 'tester', 'hishida1', 1, 0, '2019-12-09 07:19:50', '2019-12-09 07:19:50'),
(51, 'tester', 'hishida1', 1, 0, '2019-12-09 07:21:41', '2019-12-09 07:21:41'),
(52, 'test3', 'hishida1', 1, 0, '2019-12-09 07:22:30', '2019-12-09 07:22:30'),
(53, 'sf', 'hishida1', 1, 0, '2019-12-09 07:30:15', '2019-12-09 07:30:15'),
(54, 'hishida1', 'hishida1', 1, 0, '2019-12-09 07:37:52', '2019-12-09 07:37:52'),
(55, 'hishida1', 'hishida1', 1, 0, '2019-12-09 07:39:52', '2019-12-09 07:39:52'),
(56, 'hishida1', 'hishida1', 1, 0, '2019-12-09 07:41:56', '2019-12-09 07:41:56'),
(57, 'hishida1', 'hishida1', 1, 0, '2019-12-09 07:44:31', '2019-12-09 07:44:31'),
(58, 'hishida1', 'hishida1', 1, 0, '2019-12-09 07:46:08', '2019-12-09 07:46:08'),
(59, 'hishida1', 'hishida1', 1, 0, '2019-12-09 07:48:40', '2019-12-09 07:48:40'),
(60, 'hishida1', 'hishida1', 1, 0, '2019-12-09 07:49:18', '2019-12-09 07:49:18'),
(61, 'hishida1', 'hishida1', 1, 0, '2019-12-09 07:49:45', '2019-12-09 07:49:45'),
(62, 'hishida1', 'hishida1', 1, 0, '2019-12-09 07:51:25', '2019-12-09 07:51:25'),
(63, 'hishida1', 'hishida1', 1, 0, '2019-12-09 07:52:21', '2019-12-09 07:52:21'),
(64, 'hishida1', 'hishida1', 1, 0, '2019-12-09 09:34:15', '2019-12-09 09:34:15'),
(65, 'hishida1', 'hishida1', 1, 0, '2019-12-09 09:35:53', '2019-12-09 09:35:53'),
(66, 'hishida1', 'hishida1', 1, 0, '2019-12-09 09:39:36', '2019-12-09 09:39:36'),
(67, 'hishida1', 'hishida1', 1, 0, '2019-12-09 09:42:31', '2019-12-09 09:42:31'),
(68, 'hishida1', 'hishida1', 1, 0, '2019-12-09 09:43:43', '2019-12-09 09:43:43'),
(69, 'hishida1', 'hishida1', 1, 0, '2019-12-09 09:44:21', '2019-12-09 09:44:21'),
(70, 'テスト', 'hishida1', 1, 0, '2019-12-09 09:59:41', '2019-12-09 09:59:41'),
(71, 'hidden', 'hishida1', 0, 1, '2019-12-09 10:01:17', '2019-12-09 10:01:17'),
(72, 'てす', 'hishida1', 0, 1, '2019-12-09 10:14:20', '2019-12-09 10:14:20'),
(73, 'てす', 'hishida1', 0, 1, '2019-12-09 10:14:25', '2019-12-09 10:14:25'),
(74, 'てす', 'hishida1', 0, 1, '2019-12-09 10:14:26', '2019-12-09 10:14:26'),
(75, 'てす', 'hishida1', 0, 1, '2019-12-09 10:14:27', '2019-12-09 10:14:27'),
(76, 'ｓ', 'hishida1', 0, 1, '2019-12-09 10:16:32', '2019-12-09 10:16:32'),
(77, 'れつご', 'hishida1', 0, 1, '2019-12-09 11:50:03', '2019-12-09 11:50:03'),
(78, 'テスティング', 'hishida1', 0, 1, '2019-12-09 12:26:19', '2019-12-09 12:26:19'),
(79, 'hishida', 'hishida1', 0, 1, '2019-12-09 12:27:27', '2019-12-09 12:27:27'),
(80, '意味わからん', 'hishida1', 0, 1, '2019-12-09 12:31:32', '2019-12-09 12:31:32'),
(81, 'ssss', 'hishida1', 0, 1, '2019-12-09 12:35:17', '2019-12-09 12:35:17'),
(82, 'うううｎ', 'hishida1', 0, 1, '2019-12-09 12:36:31', '2019-12-09 12:36:31'),
(83, 'sss', 'hishida1', 0, 1, '2019-12-09 12:37:08', '2019-12-09 12:37:08'),
(84, 'くそぎも', 'hishida1', 0, 1, '2019-12-09 12:44:33', '2019-12-09 12:44:33'),
(85, 'ｓｓｓ', 'hishida1', 0, 1, '2019-12-09 12:46:26', '2019-12-09 12:46:26'),
(86, 'ｓｓｓｓ', 'hishida1', 0, 1, '2019-12-09 12:49:13', '2019-12-09 12:49:13'),
(87, 'ｓｓｓ', 'hishida1', 0, 1, '2019-12-09 12:49:50', '2019-12-09 12:49:50'),
(88, 'っさどぁｄ', 'hishida1', 0, 1, '2019-12-09 12:52:17', '2019-12-09 12:52:17'),
(89, 'ｈｓｄさ', 'hishida1', 0, 1, '2019-12-09 12:54:29', '2019-12-09 12:54:29'),
(90, 'ｓｓｓｓ', 'hishida1', 0, 1, '2019-12-09 12:58:36', '2019-12-09 12:58:36'),
(91, 'なんでこうなった', 'hishida1', 0, 1, '2019-12-09 13:00:38', '2019-12-09 13:00:38'),
(92, 'っさどぁ', 'hishida1', 0, 1, '2019-12-09 13:01:49', '2019-12-09 13:01:49'),
(93, 'ｔｔｔ２', 'hishida1', 0, 1, '2019-12-09 13:03:06', '2019-12-09 13:03:06'),
(94, 'っさｄっわだｗどぁだｗ', 'hishida1', 0, 1, '2019-12-09 13:05:59', '2019-12-09 13:05:59'),
(95, 'いっぱい', 'hishida1', 0, 1, '2019-12-09 13:07:32', '2019-12-09 13:07:32'),
(96, 'よーわあかあ', 'hishida1', 0, 1, '2019-12-09 13:08:52', '2019-12-09 13:08:52'),
(97, 'ごみだ', 'hishida1', 0, 1, '2019-12-09 13:17:28', '2019-12-09 13:17:28'),
(98, 'くそｇほみ', 'hishida1', 0, 1, '2019-12-09 13:19:08', '2019-12-09 13:19:08'),
(99, 'Gotoへヴぇｎ', 'hishida1', 0, 1, '2019-12-09 13:19:38', '2019-12-09 13:19:38'),
(100, 'てすとだん２', 'hishida1', 0, 1, '2019-12-11 07:09:16', '2019-12-11 07:09:16'),
(101, 'てすとだん３', 'hishida1', 0, 1, '2019-12-11 07:09:40', '2019-12-11 07:09:40'),
(102, 'hishida2da', 'hishida2', 0, 1, '2019-12-11 08:07:12', '2019-12-11 08:07:12'),
(103, 'aaa', 'yamamoto', 0, 1, '2019-12-11 12:51:15', '2019-12-11 12:51:15'),
(104, 'aaa', 'yamamoto', 0, 1, '2019-12-11 12:51:29', '2019-12-11 12:51:29'),
(105, 'hishida1はぶき', 'hishida2', 0, 1, '2019-12-11 15:08:48', '2019-12-11 15:08:48'),
(106, 'なつ　山本', 'yamamoto1', 0, 1, '2019-12-14 16:00:11', '2019-12-14 16:00:11'),
(107, 'ぜん　山本', 'yamamoto1', 0, 1, '2019-12-14 16:00:54', '2019-12-14 16:00:54'),
(108, 'TEST　全員', 'zemmyo', 0, 1, '2019-12-14 16:45:06', '2019-12-14 16:45:06'),
(109, 'natsu', 'zemmyo', 0, 1, '2019-12-14 16:45:42', '2019-12-14 16:45:42'),
(110, 'yamamoto', 'zemmyo', 0, 1, '2019-12-14 16:46:23', '2019-12-14 16:46:23'),
(111, 'dasd', 'yamamoto', 0, 1, '2019-12-23 06:11:52', '2019-12-23 06:11:52'),
(112, 'anti', 'yamamoto', 1, 0, '2019-12-26 15:03:55', '2019-12-26 15:03:55'),
(113, 'babainobai', 'yamamoto', 0, 1, '2019-12-26 15:14:33', '2019-12-26 15:14:33'),
(114, 'ioio', 'yamamoto', 0, 1, '2019-12-26 15:26:58', '2019-12-26 15:26:58'),
(115, 'dasd', 'yamamoto', 0, 1, '2019-12-26 15:27:49', '2019-12-26 15:27:49'),
(116, 'wadwad', 'hishida1', 1, 0, '2019-12-27 06:42:46', '2020-02-01 16:02:55'),
(117, 'membwswwwww', 'hishida1', 1, 0, '2019-12-27 07:49:49', '2019-12-30 18:30:31'),
(118, 'das', 'yamamoto', 0, 1, '2019-12-29 16:45:30', '2019-12-29 16:45:30'),
(119, 'dasada', 'yamamoto', 0, 1, '2019-12-29 16:45:47', '2019-12-29 16:45:47'),
(120, 'cxC', 'yamamoto', 0, 1, '2019-12-29 16:46:31', '2019-12-29 16:46:31'),
(121, 'cXczx', 'yamamoto', 0, 1, '2019-12-29 16:46:38', '2019-12-29 16:46:38'),
(122, 'cZxczxck.z,', 'yamamoto', 0, 1, '2019-12-29 16:46:45', '2019-12-29 16:46:45'),
(123, 'dasdaf', 'yamamoto', 0, 1, '2019-12-29 16:46:51', '2019-12-29 16:46:51'),
(124, 'fafadffda', 'yamamoto', 0, 1, '2019-12-29 16:46:58', '2019-12-29 16:46:58'),
(125, 'daaop', 'yamamoto', 0, 1, '2019-12-29 16:47:15', '2019-12-29 16:47:15'),
(126, 'dapwjiaoin', 'yamamoto', 0, 1, '2019-12-29 16:47:19', '2019-12-29 16:47:19'),
(127, 'dapokjwap', 'yamamoto', 0, 1, '2019-12-29 16:47:24', '2019-12-29 16:47:24'),
(128, 'dajpiwdpoa', 'yamamoto', 0, 1, '2019-12-29 16:47:29', '2019-12-29 16:47:29'),
(129, 'dnampwdop@a', 'yamamoto', 0, 1, '2019-12-29 16:47:33', '2019-12-29 16:47:33'),
(130, 'dnawimop', 'yamamoto', 0, 1, '2019-12-29 16:47:40', '2019-12-29 16:47:40'),
(131, 'dko@awda', 'yamamoto', 0, 1, '2019-12-29 16:47:44', '2019-12-29 16:47:44'),
(132, 'kdpowad', 'yamamoto', 0, 1, '2019-12-29 16:48:08', '2019-12-29 16:48:08'),
(133, 'agfe', 'yamamoto', 0, 1, '2019-12-29 16:48:13', '2019-12-29 16:48:13'),
(134, 'fawfa', 'yamamoto', 0, 1, '2019-12-29 16:48:18', '2019-12-29 16:48:18'),
(135, 'fawfag', 'yamamoto', 0, 1, '2019-12-29 16:48:23', '2019-12-29 16:48:23'),
(136, 'fawa', 'yamamoto', 0, 1, '2019-12-29 16:48:27', '2019-12-29 16:48:27'),
(137, 'faawda', 'yamamoto', 0, 1, '2019-12-29 16:48:32', '2019-12-29 16:48:32'),
(138, 'agegaw', 'yamamoto', 0, 1, '2019-12-29 16:48:36', '2019-12-29 16:48:36'),
(139, 'dmpaowmopa', 'yamamoto', 0, 1, '2019-12-29 16:48:41', '2019-12-29 16:48:41'),
(140, 'm;admlas', 'yamamoto', 0, 1, '2019-12-29 16:48:46', '2019-12-29 16:48:46'),
(141, 'm;adlsml;a', 'yamamoto', 0, 1, '2019-12-29 16:48:51', '2019-12-29 16:48:51'),
(142, 'd;akmsd', 'yamamoto', 0, 1, '2019-12-29 16:48:57', '2019-12-29 16:48:57'),
(143, 'dm;lasdml:a', 'yamamoto', 0, 1, '2019-12-29 16:49:02', '2019-12-29 16:49:02'),
(144, 'da:msdlma', 'yamamoto', 0, 1, '2019-12-29 16:49:05', '2019-12-29 16:49:05'),
(145, 'd;asmld;a', 'yamamoto', 0, 1, '2019-12-29 16:49:09', '2019-12-29 16:49:09'),
(146, 'dm;lasd;la', 'yamamoto', 0, 1, '2019-12-29 16:49:12', '2019-12-29 16:49:12'),
(147, 'dl,:sad,l:a', 'yamamoto', 0, 1, '2019-12-29 16:49:16', '2019-12-29 16:49:16'),
(148, 'fmla;sfl:a', 'yamamoto', 0, 1, '2019-12-29 16:49:23', '2019-12-29 16:49:23'),
(149, 'd:la,fsml:a', 'yamamoto', 0, 1, '2019-12-29 16:49:27', '2019-12-29 16:49:27'),
(150, ';fmlasml:a', 'yamamoto', 0, 1, '2019-12-29 16:49:31', '2019-12-29 16:49:31'),
(151, 'mfasf:la,;:', 'yamamoto', 0, 1, '2019-12-29 16:49:35', '2019-12-29 16:49:35'),
(152, 'dmla;fml:a', 'yamamoto', 0, 1, '2019-12-29 16:49:39', '2019-12-29 16:49:39'),
(153, 'mdoasdl;a', 'yamamoto', 0, 1, '2019-12-29 16:50:06', '2019-12-29 16:50:06'),
(154, 'dipasdm', 'yamamoto', 0, 1, '2019-12-29 16:50:11', '2019-12-29 16:50:11'),
(155, 'fmpasfml;a', 'yamamoto', 0, 1, '2019-12-29 16:50:15', '2019-12-29 16:50:15'),
(156, 'dksamdl;a', 'yamamoto', 0, 1, '2019-12-29 16:50:20', '2019-12-29 16:50:20'),
(157, 'dmo;adl;as', 'yamamoto', 0, 1, '2019-12-29 16:50:25', '2019-12-29 16:50:25'),
(158, 'dkasdp@asfm', 'yamamoto', 0, 1, '2019-12-29 16:51:40', '2019-12-29 16:51:40'),
(159, 'dmapsdal;', 'yamamoto', 0, 1, '2019-12-29 16:51:46', '2019-12-29 16:51:46'),
(160, 'dmopsadko@fma', 'yamamoto', 0, 1, '2019-12-29 16:51:51', '2019-12-29 16:51:51'),
(161, 'damposfml;', 'yamamoto', 0, 1, '2019-12-29 16:52:06', '2019-12-29 16:52:06'),
(162, 'mdpoamod', 'yamamoto', 0, 1, '2019-12-29 16:52:10', '2019-12-29 16:52:10'),
(163, '絵wくぇqr', 'yamamoto', 0, 0, '2019-12-29 16:55:18', '2019-12-29 16:55:18'),
(164, 'bhji', 'yamamoto', 0, 0, '2019-12-29 20:00:32', '2019-12-29 20:00:32'),
(165, 'memberテスト', 'hishida1', 1, 0, '2019-12-30 13:00:13', '2019-12-30 13:00:13'),
(166, 'fsdfs', 'yamamoto', 0, 0, '2020-01-09 16:26:13', '2020-01-09 16:26:13'),
(167, 'wawd', 'hishida2', 0, 0, '2020-01-09 16:25:53', '2020-01-09 16:25:53'),
(168, 'njoin', 'zemmyo', 0, 0, '2020-01-09 16:38:49', '2020-01-09 16:38:49'),
(169, 'nnnn', 'natsu', 0, 0, '2020-01-09 16:41:19', '2020-01-09 16:41:19'),
(170, 'bunj', 'natsu', 0, 0, '2020-01-12 16:15:59', '2020-01-12 16:15:59'),
(171, 'xcasca', 'natsu', 0, 0, '2020-01-12 16:16:30', '2020-01-12 16:16:30'),
(172, 'dadasd', 'natsu', 0, 0, '2020-01-12 16:25:47', '2020-01-12 16:25:47'),
(173, 'dasda', 'natsu', 0, 0, '2020-01-12 16:29:45', '2020-01-12 16:29:45'),
(174, 'dsadsa', 'natsu', 0, 0, '2020-01-12 16:32:54', '2020-01-12 16:32:54'),
(175, 'oni', 'natsu', 0, 0, '2020-01-12 16:36:01', '2020-01-12 16:36:01'),
(176, 'mi', 'natsu', 0, 0, '2020-01-12 16:36:19', '2020-01-12 16:36:19'),
(177, 'h', 'natsu', 0, 0, '2020-01-12 16:37:19', '2020-01-12 16:37:19'),
(178, 'mo', 'natsu', 0, 0, '2020-01-12 16:41:50', '2020-01-12 16:41:50'),
(179, 'eqw', 'natsu', 0, 0, '2020-01-12 16:44:32', '2020-01-12 16:44:32'),
(180, 'dasd', 'natsu', 0, 0, '2020-01-12 16:49:14', '2020-01-12 16:49:14'),
(181, 'gkhj', 'yamamoto', 0, 0, '2020-01-15 16:20:48', '2020-01-15 16:20:48'),
(182, '善明向け', 'yamamoto1', 0, 0, '2020-01-23 05:08:25', '2020-01-23 05:08:25'),
(183, 'なつき向け', 'yamamoto1', 0, 0, '2020-01-23 06:35:21', '2020-01-23 06:35:21'),
(184, '山本善明', 'zemmyo', 0, 0, '2020-01-24 22:45:34', '2020-01-24 22:45:34'),
(185, 'dsadasd', 'natsu', 1, 0, '2020-01-26 10:04:24', '2020-02-05 14:41:07'),
(186, 'hishida向け', 'yamamoto1', 0, 0, '2020-01-26 19:00:47', '2020-01-26 19:00:47'),
(187, 'hishida向け', 'yamamoto1', 0, 0, '2020-01-26 19:02:26', '2020-01-26 19:02:26'),
(188, '中学', 'hishida_test', 0, 0, '2020-01-29 13:53:10', '2020-01-29 13:53:10'),
(189, 'バイト', 'hishida_test', 0, 0, '2020-01-29 13:53:25', '2020-01-29 13:53:25'),
(190, 'バイク', 'hishida_test', 0, 0, '2020-01-29 13:53:41', '2020-01-29 13:53:41'),
(191, 'アニメ', 'hishida_test', 0, 0, '2020-01-29 13:54:38', '2020-01-29 13:54:38');

-- --------------------------------------------------------

--
-- テーブルの構造 `disclosure_lists_join_requests`
--

CREATE TABLE `disclosure_lists_join_requests` (
  `list_id` int(11) NOT NULL,
  `request_user_id` varchar(32) NOT NULL,
  `approved_at` datetime DEFAULT NULL,
  `rejected_at` datetime DEFAULT NULL,
  `created_at` timestamp NOT NULL DEFAULT current_timestamp(),
  `updated_at` timestamp NOT NULL DEFAULT current_timestamp() ON UPDATE current_timestamp()
) ENGINE=InnoDB DEFAULT CHARSET=utf8;

-- --------------------------------------------------------

--
-- テーブルの構造 `disclosure_lists_users`
--

CREATE TABLE `disclosure_lists_users` (
  `list_id` int(11) NOT NULL,
  `user_id` varchar(32) NOT NULL,
  `is_deleted` tinyint(1) NOT NULL,
  `created_at` timestamp NOT NULL DEFAULT current_timestamp(),
  `updated_at` timestamp NOT NULL DEFAULT current_timestamp() ON UPDATE current_timestamp()
) ENGINE=InnoDB DEFAULT CHARSET=utf8;

--
-- テーブルのデータのダンプ `disclosure_lists_users`
--

INSERT INTO `disclosure_lists_users` (`list_id`, `user_id`, `is_deleted`, `created_at`, `updated_at`) VALUES
(1, 'hishida2', 0, '2019-12-04 07:57:07', '2019-12-27 03:40:40'),
(1, 'hishida3', 0, '2019-12-04 07:59:05', '2019-12-04 07:59:05'),
(2, 'hishida2', 0, '2019-12-27 03:18:37', '2019-12-27 03:40:40'),
(3, 'hishida2', 0, '2019-12-27 03:18:37', '2019-12-27 03:40:40'),
(5, 'hishida2', 0, '2019-12-27 03:20:07', '2019-12-27 03:39:29'),
(8, 'hishida2', 0, '2019-12-27 03:20:07', '2019-12-27 03:39:29'),
(25, 'hishida2', 0, '2019-12-09 07:52:21', '2019-12-09 07:52:21'),
(55, 'hishida2', 0, '2019-12-09 09:43:43', '2019-12-09 09:43:43'),
(69, 'hishida1', 0, '2019-12-09 09:44:21', '2019-12-09 09:44:21'),
(69, 'hishida2', 0, '2019-12-09 09:44:21', '2019-12-09 09:44:21'),
(69, 'hishida3', 0, '2019-12-09 09:44:21', '2019-12-09 09:44:21'),
(70, 'hishida1', 0, '2019-12-09 09:59:41', '2019-12-09 09:59:41'),
(70, 'hishida2', 0, '2019-12-09 09:59:41', '2019-12-09 09:59:41'),
(70, 'hishida3', 0, '2019-12-09 09:59:41', '2019-12-09 09:59:41'),
(71, 'hishida1', 0, '2019-12-09 10:01:17', '2019-12-09 10:01:17'),
(71, 'hishida2', 0, '2019-12-09 10:01:17', '2019-12-09 10:01:17'),
(71, 'hishida3', 0, '2019-12-09 10:01:18', '2019-12-09 10:01:18'),
(77, 'hishida1', 0, '2019-12-09 11:50:03', '2019-12-09 11:50:03'),
(77, 'hishida2', 0, '2019-12-09 11:50:03', '2019-12-09 11:50:03'),
(77, 'hishida3', 0, '2019-12-09 11:50:03', '2019-12-09 11:50:03'),
(78, 'hishida1', 0, '2019-12-09 12:26:19', '2019-12-09 12:26:19'),
(78, 'hishida2', 0, '2019-12-09 12:26:19', '2019-12-09 12:26:19'),
(78, 'hishida3', 0, '2019-12-09 12:26:19', '2019-12-09 12:26:19'),
(79, 'hishida1', 0, '2019-12-09 12:27:27', '2019-12-09 12:27:27'),
(79, 'hishida2', 0, '2019-12-09 12:27:27', '2019-12-09 12:27:27'),
(79, 'hishida3', 0, '2019-12-09 12:27:27', '2019-12-09 12:27:27'),
(80, 'hishida1', 0, '2019-12-09 12:31:32', '2019-12-09 12:31:32'),
(80, 'hishida2', 0, '2019-12-09 12:31:32', '2019-12-09 12:31:32'),
(80, 'hishida3', 0, '2019-12-09 12:31:32', '2019-12-09 12:31:32'),
(81, 'hishida1', 0, '2019-12-09 12:35:17', '2019-12-09 12:35:17'),
(82, 'hishida1', 0, '2019-12-09 12:36:31', '2019-12-09 12:36:31'),
(82, 'hishida2', 0, '2019-12-09 12:36:31', '2019-12-09 12:36:31'),
(82, 'hishida3', 0, '2019-12-09 12:36:31', '2019-12-09 12:36:31'),
(83, 'hishida1', 0, '2019-12-09 12:37:08', '2019-12-09 12:37:08'),
(83, 'hishida2', 0, '2019-12-09 12:37:08', '2019-12-09 12:37:08'),
(83, 'hishida3', 0, '2019-12-09 12:37:08', '2019-12-09 12:37:08'),
(100, 'hishida1', 0, '2019-12-11 07:09:16', '2019-12-11 07:09:16'),
(100, 'hishida2', 0, '2019-12-11 07:09:16', '2019-12-11 07:09:16'),
(100, 'hishida3', 0, '2019-12-11 07:09:16', '2019-12-11 07:09:16'),
(101, 'hishida1', 0, '2019-12-11 07:09:40', '2019-12-11 07:09:40'),
(101, 'hishida2', 0, '2019-12-11 07:09:40', '2019-12-27 03:40:04'),
(101, 'hishida3', 0, '2019-12-11 07:09:40', '2019-12-11 07:09:40'),
(102, 'hishida1', 0, '2019-12-11 08:07:12', '2019-12-11 08:07:12'),
(102, 'hishida2', 0, '2019-12-11 08:07:12', '2019-12-11 08:07:12'),
(102, 'hishida3', 0, '2019-12-11 08:07:12', '2019-12-11 08:07:12'),
(103, 'hishida1', 0, '2019-12-11 12:51:15', '2019-12-11 12:51:15'),
(104, 'hishida2', 0, '2019-12-11 12:51:29', '2019-12-11 12:51:29'),
(105, 'hishida3', 0, '2019-12-11 15:08:48', '2019-12-11 15:08:48'),
(106, 'natsu', 0, '2019-12-14 16:00:12', '2019-12-14 16:00:12'),
(107, 'zemmyo', 0, '2019-12-14 16:00:54', '2019-12-14 16:00:54'),
(108, 'natsu', 0, '2019-12-14 16:45:06', '2019-12-14 16:45:06'),
(108, 'yamamoto1', 0, '2019-12-14 16:45:06', '2019-12-14 16:45:06'),
(109, 'natsu', 0, '2019-12-14 16:45:42', '2019-12-14 16:45:42'),
(110, 'yamamoto1', 0, '2019-12-14 16:46:23', '2019-12-14 16:46:23'),
(111, 'yamamoto', 0, '2019-12-23 06:11:52', '2019-12-23 06:11:52'),
(111, 'yamamoto1', 0, '2019-12-23 06:11:52', '2019-12-23 06:11:52'),
(112, 'hishida1', 1, '2019-12-26 15:03:55', '2019-12-29 16:55:33'),
(112, 'hishida1430', 0, '2019-12-26 15:03:55', '2019-12-26 15:03:55'),
(112, 'hishida2', 1, '2019-12-26 15:03:55', '2020-01-15 16:48:16'),
(112, 'hishida2222', 0, '2019-12-26 15:03:55', '2019-12-26 15:03:55'),
(112, 'hishida3', 0, '2019-12-26 15:03:55', '2019-12-26 15:03:55'),
(113, 'hishida1', 0, '2019-12-26 15:14:33', '2019-12-26 15:14:33'),
(114, 'hishida1', 0, '2019-12-26 15:26:58', '2019-12-26 15:26:58'),
(114, 'hishida1430', 0, '2019-12-26 15:26:58', '2019-12-26 15:26:58'),
(114, 'hishida2', 0, '2019-12-26 15:26:58', '2019-12-26 15:26:58'),
(114, 'hishida2222', 0, '2019-12-26 15:26:58', '2019-12-26 15:26:58'),
(114, 'hishida3', 0, '2019-12-26 15:26:58', '2019-12-26 15:26:58'),
(115, 'hishida1', 0, '2019-12-26 15:27:49', '2019-12-26 15:27:49'),
(115, 'hishida2', 0, '2019-12-26 15:27:49', '2019-12-26 15:27:49'),
(116, 'yamamoto1', 1, '2020-02-01 16:02:55', '2020-02-01 16:06:54'),
(117, 'hishida1', 1, '2019-12-27 07:49:49', '2019-12-30 18:30:33'),
(117, 'hishida1430', 1, '2019-12-27 07:49:49', '2019-12-30 18:30:38'),
(117, 'hishida2', 1, '2019-12-27 07:49:49', '2019-12-30 18:30:35'),
(117, 'hishida2222', 0, '2019-12-27 07:49:50', '2019-12-30 18:29:49'),
(117, 'hishida3', 0, '2019-12-27 07:49:50', '2019-12-30 18:24:15'),
(117, 'natsu', 1, '2019-12-30 17:04:23', '2019-12-30 18:06:17'),
(117, 'yamamoto', 1, '2019-12-27 07:49:50', '2019-12-30 16:12:47'),
(117, 'yamamoto1', 1, '2019-12-27 07:49:50', '2019-12-30 16:12:43'),
(117, 'zemmyo', 1, '2019-12-30 16:11:28', '2019-12-30 18:10:24'),
(118, 'yamamoto1', 0, '2019-12-29 16:45:31', '2019-12-29 16:45:31'),
(119, 'hishida1', 0, '2019-12-29 16:45:47', '2019-12-29 16:45:47'),
(120, 'yamamoto1', 0, '2019-12-29 16:46:31', '2019-12-29 16:46:31'),
(132, 'yamamoto1', 0, '2019-12-29 16:48:08', '2019-12-29 16:48:08'),
(153, 'yamamoto1', 0, '2019-12-29 16:50:06', '2019-12-29 16:50:06'),
(163, 'yamamoto', 0, '2020-01-09 05:11:59', '2020-01-09 05:11:59'),
(163, 'yamamoto1', 0, '2019-12-29 16:55:18', '2019-12-29 16:55:18'),
(164, 'hishida1', 0, '2019-12-29 20:00:32', '2019-12-29 20:00:32'),
(166, 'hishida1', 0, '2020-01-09 16:26:13', '2020-01-09 16:26:13'),
(166, 'hishida2', 0, '2020-01-09 16:26:13', '2020-01-09 16:26:13'),
(168, 'yamamoto', 1, '2020-01-09 16:38:49', '2020-01-23 05:32:38'),
(169, 'yamamoto', 0, '2020-01-09 16:41:19', '2020-01-09 16:41:19'),
(170, 'yamamoto', 0, '2020-01-12 16:15:59', '2020-01-12 16:15:59'),
(171, 'yamamoto1', 0, '2020-01-12 16:16:30', '2020-01-12 16:16:30'),
(172, 'yamamoto', 0, '2020-01-12 16:25:47', '2020-01-12 16:25:47'),
(173, 'yamamoto', 0, '2020-01-12 16:29:45', '2020-01-12 16:29:45'),
(174, 'yamamoto', 0, '2020-01-12 16:32:54', '2020-01-12 16:32:54'),
(175, 'yamamoto', 0, '2020-01-12 16:36:01', '2020-01-12 16:36:01'),
(176, 'yamamoto1', 0, '2020-01-12 16:36:19', '2020-01-12 16:36:19'),
(177, 'hishida1', 0, '2020-01-12 16:37:20', '2020-01-12 16:37:20'),
(178, 'yamamoto', 0, '2020-01-12 16:41:50', '2020-01-12 16:41:50'),
(179, 'hishida1', 0, '2020-01-12 16:44:32', '2020-01-12 16:44:32'),
(180, 'yamamoto', 0, '2020-01-12 16:49:14', '2020-01-12 16:49:14'),
(181, 'hishida1', 0, '2020-01-15 16:20:49', '2020-01-15 16:20:49'),
(182, 'zemmyo', 0, '2020-01-23 05:08:25', '2020-01-23 05:08:25'),
(183, 'natsu', 0, '2020-01-23 06:35:21', '2020-01-23 06:35:21'),
(184, 'yamamoto1', 0, '2020-01-24 22:45:35', '2020-01-24 22:45:35'),
(185, 'hishida1', 0, '2020-01-26 10:04:24', '2020-01-26 10:04:24'),
(185, 'zemmyo', 0, '2020-02-05 14:41:07', '2020-02-05 14:41:07'),
(186, 'hishida1', 0, '2020-01-26 19:00:48', '2020-01-26 19:00:48'),
(187, 'hishida1231', 0, '2020-01-26 19:02:26', '2020-01-26 19:02:26');

-- --------------------------------------------------------

--
-- テーブルの構造 `include_disclosure_lists`
--

CREATE TABLE `include_disclosure_lists` (
  `parent_list_id` int(11) NOT NULL,
  `included_list_id` int(11) NOT NULL,
  `is_deleted` tinyint(1) NOT NULL,
  `created_at` timestamp NOT NULL DEFAULT current_timestamp(),
  `updated_at` timestamp NOT NULL DEFAULT current_timestamp() ON UPDATE current_timestamp()
) ENGINE=InnoDB DEFAULT CHARSET=utf8;

-- --------------------------------------------------------

--
-- テーブルの構造 `migrations`
--

CREATE TABLE `migrations` (
  `id` int(10) UNSIGNED NOT NULL,
  `migration` varchar(255) COLLATE utf8mb4_unicode_ci NOT NULL,
  `batch` int(11) NOT NULL
) ENGINE=InnoDB DEFAULT CHARSET=utf8mb4 COLLATE=utf8mb4_unicode_ci;

-- --------------------------------------------------------

--
-- テーブルの構造 `posts_related_users`
--

CREATE TABLE `posts_related_users` (
  `post_id` int(11) NOT NULL,
  `related_user_id` varchar(32) NOT NULL,
  `is_deleted` tinyint(1) NOT NULL,
  `created_at` timestamp NOT NULL DEFAULT current_timestamp(),
  `updated_at` timestamp NOT NULL DEFAULT current_timestamp() ON UPDATE current_timestamp()
) ENGINE=InnoDB DEFAULT CHARSET=utf8;

-- --------------------------------------------------------

--
-- テーブルの構造 `posts_valid_disclosure_lists`
--

CREATE TABLE `posts_valid_disclosure_lists` (
  `list_id` int(11) NOT NULL,
  `post_id` bigint(20) NOT NULL,
  `is_hidden` tinyint(1) NOT NULL,
  `created_at` timestamp NOT NULL DEFAULT current_timestamp(),
  `updated_at` timestamp NOT NULL DEFAULT current_timestamp() ON UPDATE current_timestamp()
) ENGINE=InnoDB DEFAULT CHARSET=utf8;

--
-- テーブルのデータのダンプ `posts_valid_disclosure_lists`
--

INSERT INTO `posts_valid_disclosure_lists` (`list_id`, `post_id`, `is_hidden`, `created_at`, `updated_at`) VALUES
(1, 13, 0, '2019-12-11 05:05:34', '2019-12-11 05:05:34'),
(2, 13, 0, '2019-12-11 05:05:34', '2019-12-11 05:05:34'),
(3, 13, 0, '2019-12-11 05:05:34', '2019-12-11 05:05:34'),
(5, 13, 0, '2019-12-11 05:05:34', '2019-12-11 05:05:34'),
(14, 28, 0, '2019-12-11 14:42:43', '2019-12-11 14:42:43'),
(15, 30, 0, '2019-12-11 14:44:04', '2019-12-11 14:44:04'),
(15, 31, 0, '2019-12-11 14:44:17', '2019-12-11 14:44:17'),
(15, 33, 0, '2019-12-11 14:46:29', '2019-12-11 14:46:29'),
(33, 13, 0, '2019-12-11 05:05:34', '2019-12-11 05:05:34'),
(34, 13, 0, '2019-12-11 05:05:34', '2019-12-11 05:05:34'),
(46, 13, 0, '2019-12-11 05:05:34', '2019-12-11 05:05:34'),
(47, 13, 0, '2019-12-11 05:05:34', '2019-12-11 05:05:34'),
(70, 234, 0, '2020-01-09 16:03:58', '2020-01-09 16:03:58'),
(70, 236, 0, '2020-01-09 16:05:43', '2020-01-09 16:05:43'),
(70, 246, 0, '2020-01-09 16:18:33', '2020-01-09 16:18:33'),
(70, 273, 0, '2020-01-12 13:43:43', '2020-01-12 13:43:43'),
(70, 373, 0, '2020-01-27 00:51:29', '2020-01-27 00:51:29'),
(70, 374, 0, '2020-01-27 00:53:34', '2020-01-27 00:53:34'),
(70, 375, 0, '2020-01-27 00:53:36', '2020-01-27 00:53:36'),
(70, 376, 0, '2020-01-27 09:23:44', '2020-01-27 09:23:44'),
(70, 386, 0, '2020-01-27 11:32:22', '2020-01-27 11:32:22'),
(70, 400, 0, '2020-01-27 23:44:06', '2020-01-27 23:44:06'),
(100, 14, 0, '2019-12-11 07:11:43', '2019-12-11 07:11:43'),
(100, 15, 0, '2019-12-11 07:11:54', '2019-12-11 07:11:54'),
(101, 14, 0, '2019-12-11 07:11:43', '2019-12-11 07:11:43'),
(101, 15, 0, '2019-12-11 07:11:54', '2019-12-11 07:11:54'),
(102, 19, 0, '2019-12-11 08:10:03', '2019-12-11 08:10:03'),
(102, 20, 0, '2019-12-11 08:26:09', '2019-12-11 08:26:09'),
(103, 36, 0, '2019-12-11 15:10:57', '2019-12-11 15:10:57'),
(103, 125, 0, '2019-12-14 05:36:01', '2019-12-14 05:36:01'),
(103, 126, 0, '2019-12-14 05:36:57', '2019-12-14 05:36:57'),
(103, 128, 0, '2019-12-14 05:47:32', '2019-12-14 05:47:32'),
(103, 129, 0, '2019-12-14 05:50:59', '2019-12-14 05:50:59'),
(103, 130, 0, '2019-12-14 05:51:40', '2019-12-14 05:51:40'),
(104, 125, 0, '2019-12-14 05:36:01', '2019-12-14 05:36:01'),
(104, 126, 0, '2019-12-14 05:36:57', '2019-12-14 05:36:57'),
(104, 127, 0, '2019-12-14 05:45:37', '2019-12-14 05:45:37'),
(104, 128, 0, '2019-12-14 05:47:32', '2019-12-14 05:47:32'),
(104, 130, 0, '2019-12-14 05:51:40', '2019-12-14 05:51:40'),
(104, 158, 0, '2019-12-21 04:36:59', '2019-12-21 04:36:59'),
(105, 35, 0, '2019-12-11 15:09:20', '2019-12-11 15:09:20'),
(106, 132, 0, '2019-12-14 16:01:43', '2019-12-14 16:01:43'),
(106, 133, 0, '2019-12-14 16:01:58', '2019-12-14 16:01:58'),
(106, 146, 0, '2019-12-17 14:01:24', '2019-12-17 14:01:24'),
(106, 147, 0, '2019-12-17 14:01:51', '2019-12-17 14:01:51'),
(106, 148, 0, '2019-12-17 14:02:35', '2019-12-17 14:02:35'),
(106, 149, 0, '2019-12-17 14:06:13', '2019-12-17 14:06:13'),
(106, 152, 0, '2019-12-17 14:09:33', '2019-12-17 14:09:33'),
(107, 131, 0, '2019-12-14 16:01:21', '2019-12-14 16:01:21'),
(107, 133, 0, '2019-12-14 16:01:58', '2019-12-14 16:01:58'),
(107, 146, 0, '2019-12-17 14:01:24', '2019-12-17 14:01:24'),
(107, 147, 0, '2019-12-17 14:01:51', '2019-12-17 14:01:51'),
(107, 148, 0, '2019-12-17 14:02:35', '2019-12-17 14:02:35'),
(107, 149, 0, '2019-12-17 14:06:13', '2019-12-17 14:06:13'),
(107, 152, 0, '2019-12-17 14:09:33', '2019-12-17 14:09:33'),
(108, 134, 0, '2019-12-14 16:46:56', '2019-12-14 16:46:56'),
(108, 135, 0, '2019-12-14 16:48:04', '2019-12-14 16:48:04'),
(109, 136, 0, '2019-12-14 16:48:28', '2019-12-14 16:48:28'),
(110, 137, 0, '2019-12-14 16:48:48', '2019-12-14 16:48:48'),
(111, 160, 0, '2019-12-26 15:58:34', '2019-12-26 15:58:34'),
(112, 161, 0, '2019-12-29 18:48:28', '2019-12-29 18:48:28'),
(112, 162, 0, '2019-12-29 19:05:38', '2019-12-29 19:05:38'),
(112, 163, 0, '2019-12-29 19:15:17', '2019-12-29 19:15:17'),
(112, 164, 0, '2019-12-29 19:49:44', '2019-12-29 19:49:44'),
(112, 165, 0, '2019-12-29 19:50:07', '2019-12-29 19:50:07'),
(112, 166, 0, '2019-12-29 19:54:08', '2019-12-29 19:54:08'),
(112, 167, 0, '2019-12-29 19:54:59', '2019-12-29 19:54:59'),
(112, 168, 0, '2019-12-29 19:57:25', '2019-12-29 19:57:25'),
(112, 169, 0, '2019-12-29 20:05:12', '2019-12-29 20:05:12'),
(112, 170, 0, '2019-12-29 20:06:36', '2019-12-29 20:06:36'),
(112, 171, 0, '2019-12-29 20:16:40', '2019-12-29 20:16:40'),
(112, 173, 0, '2020-01-09 05:18:48', '2020-01-09 05:18:48'),
(112, 174, 0, '2020-01-09 05:19:08', '2020-01-09 05:19:08'),
(112, 177, 0, '2020-01-09 05:20:55', '2020-01-09 05:20:55'),
(112, 180, 0, '2020-01-09 05:33:13', '2020-01-09 05:33:13'),
(112, 186, 0, '2020-01-09 05:56:32', '2020-01-09 05:56:32'),
(112, 187, 0, '2020-01-09 05:58:37', '2020-01-09 05:58:37'),
(112, 188, 0, '2020-01-09 06:00:30', '2020-01-09 06:00:30'),
(112, 189, 0, '2020-01-09 06:10:32', '2020-01-09 06:10:32'),
(112, 191, 0, '2020-01-09 06:16:47', '2020-01-09 06:16:47'),
(112, 192, 0, '2020-01-09 06:17:24', '2020-01-09 06:17:24'),
(112, 193, 0, '2020-01-09 06:18:43', '2020-01-09 06:18:43'),
(112, 199, 0, '2020-01-09 07:04:39', '2020-01-09 07:04:39'),
(112, 200, 0, '2020-01-09 07:04:49', '2020-01-09 07:04:49'),
(112, 201, 0, '2020-01-09 07:05:26', '2020-01-09 07:05:26'),
(112, 202, 0, '2020-01-09 07:05:38', '2020-01-09 07:05:38'),
(112, 205, 0, '2020-01-09 07:14:38', '2020-01-09 07:14:38'),
(112, 206, 0, '2020-01-09 07:16:17', '2020-01-09 07:16:17'),
(112, 210, 0, '2020-01-09 07:26:36', '2020-01-09 07:26:36'),
(112, 211, 0, '2020-01-09 07:27:06', '2020-01-09 07:27:06'),
(112, 212, 0, '2020-01-09 13:28:55', '2020-01-09 13:28:55'),
(112, 217, 0, '2020-01-09 13:53:18', '2020-01-09 13:53:18'),
(112, 218, 0, '2020-01-09 13:57:43', '2020-01-09 13:57:43'),
(112, 219, 0, '2020-01-09 14:04:24', '2020-01-09 14:04:24'),
(112, 228, 0, '2020-01-09 15:16:30', '2020-01-09 15:16:30'),
(112, 229, 0, '2020-01-09 15:21:36', '2020-01-09 15:21:36'),
(112, 241, 0, '2020-01-09 16:12:01', '2020-01-09 16:12:01'),
(112, 243, 0, '2020-01-09 16:17:11', '2020-01-09 16:17:11'),
(112, 244, 0, '2020-01-09 16:17:25', '2020-01-09 16:17:25'),
(112, 253, 0, '2020-01-09 16:29:39', '2020-01-09 16:29:39'),
(112, 254, 0, '2020-01-09 16:30:24', '2020-01-09 16:30:24'),
(112, 255, 0, '2020-01-09 16:30:58', '2020-01-09 16:30:58'),
(112, 256, 0, '2020-01-09 16:36:59', '2020-01-09 16:36:59'),
(112, 276, 0, '2020-01-15 14:40:41', '2020-01-15 14:40:41'),
(112, 278, 0, '2020-01-20 02:44:01', '2020-01-20 02:44:01'),
(112, 279, 0, '2020-01-20 02:44:45', '2020-01-20 02:44:45'),
(114, 159, 0, '2019-12-26 15:46:52', '2019-12-26 15:46:52'),
(115, 159, 0, '2019-12-26 15:46:52', '2019-12-26 15:46:52'),
(116, 225, 0, '2020-01-09 15:11:30', '2020-01-09 15:11:30'),
(116, 226, 0, '2020-01-09 15:11:36', '2020-01-09 15:11:36'),
(116, 230, 0, '2020-01-09 15:22:01', '2020-01-09 15:22:01'),
(116, 232, 0, '2020-01-09 15:58:14', '2020-01-09 15:58:14'),
(116, 233, 0, '2020-01-09 16:00:11', '2020-01-09 16:00:11'),
(116, 245, 0, '2020-01-09 16:18:18', '2020-01-09 16:18:18'),
(116, 249, 0, '2020-01-09 16:20:52', '2020-01-09 16:20:52'),
(116, 268, 0, '2020-01-11 00:22:54', '2020-01-11 00:22:54'),
(116, 270, 0, '2020-01-11 15:04:33', '2020-01-11 15:04:33'),
(116, 274, 0, '2020-01-12 22:09:03', '2020-01-12 22:09:03'),
(116, 372, 0, '2020-01-27 00:49:03', '2020-01-27 00:49:03'),
(116, 465, 0, '2020-02-01 15:57:44', '2020-02-01 15:57:44'),
(117, 237, 0, '2020-01-09 16:06:13', '2020-01-09 16:06:13'),
(117, 238, 0, '2020-01-09 16:06:55', '2020-01-09 16:06:55'),
(117, 239, 0, '2020-01-09 16:07:26', '2020-01-09 16:07:26'),
(117, 268, 0, '2020-01-11 00:22:54', '2020-01-11 00:22:54'),
(163, 162, 0, '2019-12-29 19:05:38', '2019-12-29 19:05:38'),
(163, 168, 0, '2019-12-29 19:57:25', '2019-12-29 19:57:25'),
(163, 172, 0, '2020-01-09 05:12:15', '2020-01-09 05:12:15'),
(163, 175, 0, '2020-01-09 05:19:51', '2020-01-09 05:19:51'),
(163, 176, 0, '2020-01-09 05:20:10', '2020-01-09 05:20:10'),
(163, 178, 0, '2020-01-09 05:24:52', '2020-01-09 05:24:52'),
(163, 181, 0, '2020-01-09 05:35:31', '2020-01-09 05:35:31'),
(163, 182, 0, '2020-01-09 05:44:00', '2020-01-09 05:44:00'),
(163, 183, 0, '2020-01-09 05:44:26', '2020-01-09 05:44:26'),
(163, 184, 0, '2020-01-09 05:49:58', '2020-01-09 05:49:58'),
(163, 185, 0, '2020-01-09 05:50:09', '2020-01-09 05:50:09'),
(163, 190, 0, '2020-01-09 06:11:49', '2020-01-09 06:11:49'),
(163, 191, 0, '2020-01-09 06:16:47', '2020-01-09 06:16:47'),
(163, 192, 0, '2020-01-09 06:17:24', '2020-01-09 06:17:24'),
(163, 193, 0, '2020-01-09 06:18:43', '2020-01-09 06:18:43'),
(163, 194, 0, '2020-01-09 06:29:18', '2020-01-09 06:29:18'),
(163, 195, 0, '2020-01-09 06:37:55', '2020-01-09 06:37:55'),
(163, 196, 0, '2020-01-09 06:55:06', '2020-01-09 06:55:06'),
(163, 197, 0, '2020-01-09 06:59:48', '2020-01-09 06:59:48'),
(163, 198, 0, '2020-01-09 07:02:26', '2020-01-09 07:02:26'),
(163, 203, 0, '2020-01-09 07:06:41', '2020-01-09 07:06:41'),
(163, 207, 0, '2020-01-09 07:21:00', '2020-01-09 07:21:00'),
(163, 208, 0, '2020-01-09 07:23:07', '2020-01-09 07:23:07'),
(163, 209, 0, '2020-01-09 07:25:21', '2020-01-09 07:25:21'),
(163, 213, 0, '2020-01-09 13:34:53', '2020-01-09 13:34:53'),
(163, 214, 0, '2020-01-09 13:35:31', '2020-01-09 13:35:31'),
(163, 215, 0, '2020-01-09 13:36:22', '2020-01-09 13:36:22'),
(163, 217, 0, '2020-01-09 13:53:18', '2020-01-09 13:53:18'),
(163, 218, 0, '2020-01-09 13:57:43', '2020-01-09 13:57:43'),
(163, 219, 0, '2020-01-09 14:04:24', '2020-01-09 14:04:24'),
(163, 220, 0, '2020-01-09 14:06:44', '2020-01-09 14:06:44'),
(163, 221, 0, '2020-01-09 14:07:55', '2020-01-09 14:07:55'),
(163, 223, 0, '2020-01-09 14:55:18', '2020-01-09 14:55:18'),
(163, 224, 0, '2020-01-09 14:58:04', '2020-01-09 14:58:04'),
(163, 227, 0, '2020-01-09 15:12:48', '2020-01-09 15:12:48'),
(163, 240, 0, '2020-01-09 16:08:04', '2020-01-09 16:08:04'),
(163, 244, 0, '2020-01-09 16:17:25', '2020-01-09 16:17:25'),
(163, 247, 0, '2020-01-09 16:19:24', '2020-01-09 16:19:24'),
(163, 248, 0, '2020-01-09 16:20:38', '2020-01-09 16:20:38'),
(163, 278, 0, '2020-01-20 02:44:01', '2020-01-20 02:44:01'),
(163, 279, 0, '2020-01-20 02:44:45', '2020-01-20 02:44:45'),
(164, 179, 0, '2020-01-09 05:31:18', '2020-01-09 05:31:18'),
(164, 191, 0, '2020-01-09 06:16:47', '2020-01-09 06:16:47'),
(164, 192, 0, '2020-01-09 06:17:24', '2020-01-09 06:17:24'),
(164, 193, 0, '2020-01-09 06:18:43', '2020-01-09 06:18:43'),
(164, 196, 0, '2020-01-09 06:55:06', '2020-01-09 06:55:06'),
(164, 204, 0, '2020-01-09 07:10:44', '2020-01-09 07:10:44'),
(164, 215, 0, '2020-01-09 13:36:22', '2020-01-09 13:36:22'),
(164, 216, 0, '2020-01-09 13:48:36', '2020-01-09 13:48:36'),
(164, 220, 0, '2020-01-09 14:06:43', '2020-01-09 14:06:43'),
(164, 221, 0, '2020-01-09 14:07:55', '2020-01-09 14:07:55'),
(164, 222, 0, '2020-01-09 14:17:05', '2020-01-09 14:17:05'),
(164, 223, 0, '2020-01-09 14:55:18', '2020-01-09 14:55:18'),
(164, 240, 0, '2020-01-09 16:08:04', '2020-01-09 16:08:04'),
(164, 242, 0, '2020-01-09 16:12:51', '2020-01-09 16:12:51'),
(164, 244, 0, '2020-01-09 16:17:25', '2020-01-09 16:17:25'),
(164, 251, 0, '2020-01-09 16:29:15', '2020-01-09 16:29:15'),
(164, 278, 0, '2020-01-20 02:44:01', '2020-01-20 02:44:01'),
(164, 279, 0, '2020-01-20 02:44:45', '2020-01-20 02:44:45'),
(165, 231, 0, '2020-01-09 15:28:39', '2020-01-09 15:28:39'),
(165, 235, 0, '2020-01-09 16:04:51', '2020-01-09 16:04:51'),
(165, 237, 0, '2020-01-09 16:06:13', '2020-01-09 16:06:13'),
(165, 238, 0, '2020-01-09 16:06:55', '2020-01-09 16:06:55'),
(165, 268, 0, '2020-01-11 00:22:54', '2020-01-11 00:22:54'),
(165, 270, 0, '2020-01-11 15:04:33', '2020-01-11 15:04:33'),
(166, 252, 0, '2020-01-09 16:29:23', '2020-01-09 16:29:23'),
(166, 278, 0, '2020-01-20 02:44:01', '2020-01-20 02:44:01'),
(166, 279, 0, '2020-01-20 02:44:44', '2020-01-20 02:44:44'),
(167, 250, 0, '2020-01-09 16:26:28', '2020-01-09 16:26:28'),
(167, 259, 0, '2020-01-09 16:40:08', '2020-01-09 16:40:08'),
(167, 267, 0, '2020-01-11 00:18:25', '2020-01-11 00:18:25'),
(168, 257, 0, '2020-01-09 16:39:40', '2020-01-09 16:39:40'),
(168, 258, 0, '2020-01-09 16:40:00', '2020-01-09 16:40:00'),
(168, 478, 0, '2020-02-06 03:14:10', '2020-02-06 03:14:10'),
(168, 479, 0, '2020-02-06 13:21:03', '2020-02-06 13:21:03'),
(169, 260, 0, '2020-01-09 16:41:43', '2020-01-09 16:41:43'),
(169, 261, 0, '2020-01-09 16:42:11', '2020-01-09 16:42:11'),
(177, 275, 0, '2020-01-12 22:50:57', '2020-01-12 22:50:57'),
(178, 303, 0, '2020-01-26 10:40:43', '2020-01-26 10:40:43'),
(178, 304, 0, '2020-01-26 10:48:08', '2020-01-26 10:48:08'),
(178, 307, 0, '2020-01-26 11:00:51', '2020-01-26 11:00:51'),
(178, 311, 0, '2020-01-26 11:14:11', '2020-01-26 11:14:11'),
(178, 323, 0, '2020-01-26 15:38:04', '2020-01-26 15:38:04'),
(179, 297, 0, '2020-01-26 09:38:18', '2020-01-26 09:38:18'),
(179, 308, 0, '2020-01-26 11:01:54', '2020-01-26 11:01:54'),
(180, 285, 0, '2020-01-23 05:24:54', '2020-01-23 05:24:54'),
(180, 305, 0, '2020-01-26 10:53:47', '2020-01-26 10:53:47'),
(180, 306, 0, '2020-01-26 11:00:21', '2020-01-26 11:00:21'),
(180, 312, 0, '2020-01-26 11:16:01', '2020-01-26 11:16:01'),
(180, 313, 0, '2020-01-26 11:16:45', '2020-01-26 11:16:45'),
(180, 314, 0, '2020-01-26 11:17:10', '2020-01-26 11:17:10'),
(181, 278, 0, '2020-01-20 02:44:01', '2020-01-20 02:44:01'),
(181, 279, 0, '2020-01-20 02:44:44', '2020-01-20 02:44:44'),
(182, 287, 0, '2020-01-23 06:35:58', '2020-01-23 06:35:58'),
(182, 356, 0, '2020-01-26 19:33:39', '2020-01-26 19:33:39'),
(182, 437, 0, '2020-01-30 22:12:40', '2020-01-30 22:12:40'),
(182, 438, 0, '2020-01-30 22:22:49', '2020-01-30 22:22:49'),
(182, 439, 0, '2020-01-30 22:30:22', '2020-01-30 22:30:22'),
(182, 441, 0, '2020-01-30 23:04:12', '2020-01-30 23:04:12'),
(182, 442, 0, '2020-01-30 23:18:52', '2020-01-30 23:18:52'),
(182, 443, 0, '2020-01-30 23:19:07', '2020-01-30 23:19:07'),
(182, 452, 0, '2020-01-31 12:43:17', '2020-01-31 12:43:17'),
(182, 472, 0, '2020-02-05 14:12:36', '2020-02-05 14:12:36'),
(182, 474, 0, '2020-02-05 14:15:14', '2020-02-05 14:15:14'),
(182, 475, 0, '2020-02-05 14:18:06', '2020-02-05 14:18:06'),
(183, 286, 0, '2020-01-23 06:35:43', '2020-01-23 06:35:43'),
(183, 341, 0, '2020-01-26 19:04:29', '2020-01-26 19:04:29'),
(183, 342, 0, '2020-01-26 19:04:53', '2020-01-26 19:04:53'),
(183, 355, 0, '2020-01-26 19:32:59', '2020-01-26 19:32:59'),
(183, 440, 0, '2020-01-30 23:01:57', '2020-01-30 23:01:57'),
(183, 448, 0, '2020-01-31 12:35:46', '2020-01-31 12:35:46'),
(183, 449, 0, '2020-01-31 12:36:15', '2020-01-31 12:36:15'),
(183, 453, 0, '2020-01-31 13:50:43', '2020-01-31 13:50:43'),
(183, 471, 0, '2020-02-05 14:10:30', '2020-02-05 14:10:30'),
(183, 476, 0, '2020-02-05 14:18:45', '2020-02-05 14:18:45'),
(184, 290, 0, '2020-01-24 22:46:34', '2020-01-24 22:46:34'),
(184, 358, 0, '2020-01-26 19:40:32', '2020-01-26 19:40:32'),
(185, 298, 0, '2020-01-26 10:24:22', '2020-01-26 10:24:22'),
(185, 299, 0, '2020-01-26 10:24:51', '2020-01-26 10:24:51'),
(185, 300, 0, '2020-01-26 10:38:54', '2020-01-26 10:38:54'),
(185, 301, 0, '2020-01-26 10:39:16', '2020-01-26 10:39:16'),
(185, 302, 0, '2020-01-26 10:39:36', '2020-01-26 10:39:36'),
(185, 309, 0, '2020-01-26 11:05:51', '2020-01-26 11:05:51'),
(185, 310, 0, '2020-01-26 11:13:01', '2020-01-26 11:13:01'),
(185, 315, 0, '2020-01-26 11:29:34', '2020-01-26 11:29:34'),
(185, 319, 0, '2020-01-26 15:17:29', '2020-01-26 15:17:29'),
(185, 320, 0, '2020-01-26 15:18:41', '2020-01-26 15:18:41'),
(185, 321, 0, '2020-01-26 15:20:01', '2020-01-26 15:20:01'),
(185, 322, 0, '2020-01-26 15:35:47', '2020-01-26 15:35:47'),
(185, 324, 0, '2020-01-26 15:41:07', '2020-01-26 15:41:07'),
(185, 325, 0, '2020-01-26 15:41:26', '2020-01-26 15:41:26'),
(185, 326, 0, '2020-01-26 15:44:29', '2020-01-26 15:44:29'),
(185, 327, 0, '2020-01-26 16:26:05', '2020-01-26 16:26:05'),
(185, 333, 0, '2020-01-26 17:42:51', '2020-01-26 17:42:51'),
(185, 334, 0, '2020-01-26 17:43:32', '2020-01-26 17:43:32'),
(185, 336, 0, '2020-01-26 18:05:14', '2020-01-26 18:05:14'),
(185, 337, 0, '2020-01-26 18:08:01', '2020-01-26 18:08:01'),
(186, 343, 0, '2020-01-26 19:13:44', '2020-01-26 19:13:44'),
(186, 344, 0, '2020-01-26 19:13:56', '2020-01-26 19:13:56'),
(186, 345, 0, '2020-01-26 19:14:02', '2020-01-26 19:14:02'),
(186, 346, 0, '2020-01-26 19:14:10', '2020-01-26 19:14:10'),
(186, 347, 0, '2020-01-26 19:14:17', '2020-01-26 19:14:17'),
(186, 348, 0, '2020-01-26 19:14:25', '2020-01-26 19:14:25'),
(186, 349, 0, '2020-01-26 19:14:32', '2020-01-26 19:14:32'),
(186, 350, 0, '2020-01-26 19:14:45', '2020-01-26 19:14:45'),
(186, 351, 0, '2020-01-26 19:14:52', '2020-01-26 19:14:52'),
(186, 352, 0, '2020-01-26 19:15:14', '2020-01-26 19:15:14'),
(186, 353, 0, '2020-01-26 19:27:26', '2020-01-26 19:27:26'),
(186, 354, 0, '2020-01-26 19:30:07', '2020-01-26 19:30:07'),
(186, 450, 0, '2020-01-31 12:39:23', '2020-01-31 12:39:23'),
(186, 451, 0, '2020-01-31 12:41:21', '2020-01-31 12:41:21'),
(187, 454, 0, '2020-01-31 13:55:59', '2020-01-31 13:55:59'),
(187, 462, 0, '2020-01-31 14:28:24', '2020-01-31 14:28:24'),
(188, 455, 0, '2020-01-31 14:05:33', '2020-01-31 14:05:33'),
(188, 456, 0, '2020-01-31 14:10:13', '2020-01-31 14:10:13'),
(190, 447, 0, '2020-01-31 11:33:30', '2020-01-31 11:33:30');

-- --------------------------------------------------------

--
-- テーブルの構造 `users`
--

-- --------------------------------------------------------

--
-- テーブルの構造 `users_blocks`
--

CREATE TABLE `users_blocks` (
  `subject_user_id` varchar(32) NOT NULL,
  `blocked_user_id` varchar(32) NOT NULL,
  `is_canceled` tinyint(1) NOT NULL,
  `created_at` timestamp NOT NULL DEFAULT current_timestamp(),
  `updated_at` timestamp NOT NULL DEFAULT current_timestamp() ON UPDATE current_timestamp()
) ENGINE=InnoDB DEFAULT CHARSET=utf8;

-- --------------------------------------------------------

--
-- テーブルの構造 `users_favorites`
--

CREATE TABLE `users_favorites` (
  `user_id` varchar(32) NOT NULL,
  `post_id` bigint(20) NOT NULL,
  `is_canceled` tinyint(1) NOT NULL,
  `created_at` timestamp NOT NULL DEFAULT current_timestamp(),
  `updated_at` timestamp NOT NULL DEFAULT current_timestamp() ON UPDATE current_timestamp()
) ENGINE=InnoDB DEFAULT CHARSET=utf8;

--
-- テーブルのデータのダンプ `users_favorites`
--

INSERT INTO `users_favorites` (`user_id`, `post_id`, `is_canceled`, `created_at`, `updated_at`) VALUES
('hishida1', 85, 0, '2019-12-12 13:54:01', '2019-12-12 13:54:01'),
('hishida1', 142, 0, '2019-12-23 13:05:27', '2019-12-23 13:05:27'),
('hishida1', 266, 0, '2020-01-15 16:13:26', '2020-01-15 16:13:26'),
('hishida1', 270, 0, '2020-01-12 14:00:32', '2020-01-20 13:25:01'),
('hishida1', 271, 0, '2020-01-20 13:25:38', '2020-01-20 13:25:38'),
('hishida1', 272, 0, '2020-01-20 13:21:11', '2020-01-20 13:25:35'),
('hishida1', 273, 0, '2020-01-20 13:15:29', '2020-01-20 13:15:29'),
('hishida1', 274, 0, '2020-01-20 13:14:47', '2020-01-20 13:14:47'),
('hishida1', 275, 0, '2020-01-20 13:11:35', '2020-01-20 14:58:29'),
('hishida1', 276, 0, '2020-01-20 14:58:28', '2020-01-20 14:58:28'),
('hishida1', 277, 0, '2020-01-20 13:11:01', '2020-01-20 13:30:47'),
('hishida1', 278, 0, '2020-01-20 13:11:09', '2020-01-20 14:58:52'),
('hishida1', 279, 0, '2020-01-20 12:59:58', '2020-01-20 14:58:51'),
('hishida1', 280, 0, '2020-01-20 12:26:07', '2020-01-20 14:58:50'),
('hishida1', 291, 0, '2020-01-24 23:35:59', '2020-01-24 23:35:59'),
('hishida_test', 269, 0, '2020-01-24 02:17:11', '2020-01-24 02:17:11'),
('hishida_test', 273, 0, '2020-01-24 02:15:49', '2020-01-24 02:17:50'),
('hishida_test', 275, 0, '2020-01-24 02:11:17', '2020-01-24 02:17:47'),
('hishida_test', 276, 0, '2020-01-24 02:16:16', '2020-01-24 02:16:16'),
('hishida_test', 277, 0, '2020-01-21 17:04:51', '2020-01-21 17:04:51'),
('hishida_test', 278, 0, '2020-01-24 02:30:45', '2020-01-24 02:30:45'),
('hishida_test', 280, 0, '2020-01-24 02:16:50', '2020-01-24 02:16:50'),
('hishida_test', 282, 0, '2020-01-24 02:11:43', '2020-01-24 02:17:49'),
('hishida_test', 283, 0, '2020-01-24 02:17:46', '2020-01-24 02:17:46'),
('hishida_test', 284, 1, '2020-01-24 02:17:44', '2020-01-24 02:22:10'),
('hishida_test', 425, 0, '2020-01-31 15:53:20', '2020-01-31 15:53:25'),
('hishida_test', 463, 1, '2020-02-01 13:14:54', '2020-02-01 13:20:30'),
('hishida_test', 464, 1, '2020-02-01 13:14:46', '2020-02-01 13:20:32'),
('yamamoto', 85, 0, '2019-12-14 14:31:52', '2019-12-14 14:31:52'),
('yamamoto', 276, 0, '2020-01-15 14:54:20', '2020-01-15 14:54:20'),
('yamamoto1', 358, 0, '2020-02-01 11:34:28', '2020-02-01 11:34:28'),
('zemmyo', 154, 0, '2020-01-23 05:32:44', '2020-01-23 05:32:44'),
('zemmyo', 258, 1, '2020-01-23 05:01:35', '2020-01-23 05:32:46');

-- --------------------------------------------------------

--
-- テーブルの構造 `users_follows`
--

CREATE TABLE `users_follows` (
  `subject_user_id` varchar(32) NOT NULL,
  `followed_user_id` varchar(32) NOT NULL,
  `is_canceled` tinyint(1) NOT NULL,
  `created_at` timestamp NOT NULL DEFAULT current_timestamp(),
  `updated_at` timestamp NOT NULL DEFAULT current_timestamp() ON UPDATE current_timestamp()
) ENGINE=InnoDB DEFAULT CHARSET=utf8;

--
-- テーブルのデータのダンプ `users_follows`
--

INSERT INTO `users_follows` (`subject_user_id`, `followed_user_id`, `is_canceled`, `created_at`, `updated_at`) VALUES
('hishida1', 'hishida2', 0, '2019-12-11 05:22:37', '2019-12-27 03:54:09'),
('hishida1', 'natsu', 0, '2019-12-25 03:23:31', '2019-12-25 03:23:31'),
('hishida1', 'yamamoto', 0, '2019-12-25 03:23:43', '2019-12-27 03:48:22'),
('hishida1', 'yamamoto1', 0, '2019-12-24 05:17:07', '2019-12-27 03:48:39'),
('hishida2', 'hishida1', 0, '2019-12-24 05:17:07', '2019-12-24 05:17:07'),
('hishida_test', 'hishida1', 0, '2020-01-21 16:44:45', '2020-02-01 13:43:18'),
('hishida_test', 'hishida2', 1, '2020-01-22 06:58:02', '2020-01-23 01:05:10'),
('hishida_test', 'yamamoto', 0, '2020-01-22 06:29:27', '2020-01-22 06:29:27'),
('natsu', 'yamamoto1', 0, '2019-12-14 15:53:48', '2020-01-26 19:37:56'),
('natsu', 'zemmyo', 0, '2019-12-14 15:55:29', '2019-12-14 15:55:29'),
('yamamoto', 'hishida1', 0, '2019-12-11 14:03:51', '2020-01-09 15:21:53'),
('yamamoto', 'hishida2', 0, '2019-12-11 14:56:56', '2019-12-11 14:56:56'),
('yamamoto1', 'natsu', 0, '2019-12-14 15:53:48', '2019-12-14 15:53:48'),
('yamamoto1', 'zemmyo', 0, '2019-12-14 15:54:47', '2019-12-14 15:54:47'),
('zemmyo', 'natsu', 0, '2019-12-14 15:55:29', '2019-12-14 15:55:29'),
('zemmyo', 'yamamoto1', 0, '2019-12-14 15:54:47', '2019-12-14 15:54:47');

-- --------------------------------------------------------

--
-- テーブルの構造 `users_posts`
--

CREATE TABLE `users_posts` (
  `id` bigint(11) NOT NULL,
  `is_share_available` tinyint(1) NOT NULL,
  `post_user_id` varchar(32) NOT NULL,
  `content_text` varchar(256) NOT NULL,
  `parent_post_id` bigint(20) DEFAULT NULL,
  `is_deleted` tinyint(1) NOT NULL,
  `longitude` double(16,12) DEFAULT NULL,
  `latitude` double(16,12) DEFAULT NULL,
  `created_at` timestamp NOT NULL DEFAULT current_timestamp(),
  `updated_at` timestamp NOT NULL DEFAULT current_timestamp() ON UPDATE current_timestamp()
) ENGINE=InnoDB DEFAULT CHARSET=utf8;

--
-- テーブルのデータのダンプ `users_posts`
--

INSERT INTO `users_posts` (`id`, `is_share_available`, `post_user_id`, `content_text`, `parent_post_id`, `is_deleted`, `longitude`, `latitude`, `created_at`, `updated_at`) VALUES
(1, 0, '0', 'awdawadaw', 1, 0, NULL, NULL, '2019-12-10 15:06:06', '2019-12-10 15:06:06'),
(2, 0, '0', ' awdawadaw', 1, 0, NULL, NULL, '2019-12-10 14:54:03', '2019-12-10 14:54:03'),
(3, 0, 'hishida1', 'ipkolkk', 1, 0, NULL, NULL, '2019-12-10 23:20:47', '2019-12-10 23:20:47'),
(4, 0, 'hishida1', 'ipkolkk', 1, 0, NULL, NULL, '2019-12-10 23:21:03', '2019-12-10 23:21:03'),
(5, 0, 'hishida1', 'ｓｄｆだｓ', 1, 0, NULL, NULL, '2019-12-10 23:27:45', '2019-12-10 23:27:45'),
(6, 0, 'hishida1', 'ｓｆｄふぇｓｆｓ', 1, 0, NULL, NULL, '2019-12-10 23:29:05', '2019-12-10 23:29:05'),
(7, 0, 'hishida1', 'ｊｈにｊｋｈｊｈ', NULL, 0, NULL, NULL, '2019-12-10 23:30:15', '2019-12-10 23:30:15'),
(8, 0, 'hishida1', 'あｗだｄ', NULL, 0, NULL, NULL, '2019-12-10 23:33:04', '2019-12-10 23:33:04'),
(9, 0, 'hishida1', 'あｗだｄ', NULL, 0, NULL, NULL, '2019-12-10 23:33:47', '2019-12-10 23:33:47'),
(10, 0, 'hishida1', 'あｗだｄ', NULL, 0, NULL, NULL, '2019-12-10 23:35:02', '2019-12-10 23:35:02'),
(11, 0, 'hishida1', 'あｗだどぁあどぁ', NULL, 0, NULL, NULL, '2019-12-11 00:46:53', '2019-12-11 00:46:53'),
(12, 0, 'hishida1', 'てすとだ', NULL, 0, NULL, NULL, '2019-12-11 04:59:47', '2019-12-11 04:59:47'),
(13, 0, 'hishida1', 'てすとだ', NULL, 0, NULL, NULL, '2019-12-11 05:05:33', '2019-12-11 05:05:33'),
(14, 0, 'hishida1', 'てすとだんん！！！！！！！！！！', NULL, 0, NULL, NULL, '2019-12-11 07:11:43', '2019-12-11 07:11:43'),
(15, 0, 'hishida1', 'てすとだんん！！！ｗｗｗｗｗｗｗｗｗ', NULL, 0, NULL, NULL, '2019-12-11 07:11:54', '2019-12-11 07:11:54'),
(16, 0, 'yamamoto', 'tetetest', NULL, 0, NULL, NULL, '2019-12-11 07:58:17', '2019-12-11 07:58:17'),
(17, 0, 'yamamoto', 'aaaaa', NULL, 0, NULL, NULL, '2019-12-11 07:59:14', '2019-12-11 07:59:14'),
(18, 0, 'yamamoto', 'aaaaadada', NULL, 0, NULL, NULL, '2019-12-11 07:59:25', '2019-12-11 07:59:25'),
(19, 0, 'hishida2', 'hishida2daw', NULL, 0, NULL, NULL, '2019-12-11 08:10:02', '2019-12-11 08:10:02'),
(20, 0, 'hishida2', 'くそげ', NULL, 0, NULL, NULL, '2019-12-11 08:26:09', '2019-12-11 08:26:09'),
(21, 0, 'yamamoto', 'cxzcxz', NULL, 0, NULL, NULL, '2019-12-11 08:34:30', '2019-12-11 08:34:30'),
(22, 0, 'yamamoto', 'dasasdasd', NULL, 0, NULL, NULL, '2019-12-11 08:50:17', '2019-12-11 08:50:17'),
(23, 0, 'yamamoto', 'dasasdasd', NULL, 0, NULL, NULL, '2019-12-11 08:57:50', '2019-12-11 08:57:50'),
(24, 0, 'yamamoto', 'dasasdasd', NULL, 0, NULL, NULL, '2019-12-11 08:57:56', '2019-12-11 08:57:56'),
(25, 0, 'yamamoto', 'dasasdasd', NULL, 0, NULL, NULL, '2019-12-11 08:57:59', '2019-12-11 08:57:59'),
(26, 0, 'hishida1', 'ぐんあいｗ', NULL, 0, NULL, NULL, '2019-12-11 13:27:30', '2019-12-11 13:27:30'),
(27, 0, 'hishida2', 'dsssss', NULL, 0, NULL, NULL, '2019-12-11 14:35:20', '2019-12-11 14:35:20'),
(28, 0, 'yamamoto', '　kんjlmk；、', NULL, 0, NULL, NULL, '2019-12-11 14:42:43', '2019-12-11 14:42:43'),
(29, 0, 'yamamoto', 'hjっっっっっっっっっっっっっっっっっっっっっっkっっっっっっっっっっっっっっっっっっっっっっっっっっっっkkj凍っこおkpこpこっこpこここっっっっっっっっっっっっっっっっっっぽここpこpこpこpっこpこぱああああああああああああああああああああああああああああああああああああああああああああああああああああああああああああああああああああああああああああああああああああああああああああああああああああああああああああああああああああああああああああああああああああああああああああああああああああああああ', NULL, 0, NULL, NULL, '2019-12-11 14:43:50', '2019-12-11 14:43:50'),
(30, 0, 'yamamoto', 'pmkmkl', NULL, 0, NULL, NULL, '2019-12-11 14:44:04', '2019-12-11 14:44:04'),
(31, 0, 'yamamoto', 'pmkmkl', NULL, 0, NULL, NULL, '2019-12-11 14:44:17', '2019-12-11 14:44:17'),
(32, 0, 'hishida1', 'せｄｆｓ', NULL, 0, NULL, NULL, '2019-12-11 14:43:47', '2019-12-11 14:43:47'),
(33, 0, 'yamamoto', 'だsだs', NULL, 0, NULL, NULL, '2019-12-11 14:46:29', '2019-12-11 14:46:29'),
(34, 0, 'hishida2', '実験せいこう！ｗｗｗｗ', NULL, 0, NULL, NULL, '2019-12-11 14:47:02', '2019-12-11 14:47:02'),
(35, 0, 'hishida2', 'ひしだ１はぶき', NULL, 0, NULL, NULL, '2019-12-11 15:09:20', '2019-12-11 15:09:20'),
(36, 0, 'yamamoto', 'xzXZX', NULL, 0, NULL, NULL, '2019-12-11 15:10:57', '2019-12-11 15:10:57'),
(37, 0, 'hishida2', 'てすとでいっぱいぱい', NULL, 0, NULL, NULL, '2019-12-12 01:28:54', '2019-12-12 01:28:54'),
(38, 0, 'hishida2', 'いっぱい投稿いっぱいぱいNUM=0', NULL, 0, NULL, NULL, '2019-12-12 01:33:30', '2019-12-12 01:33:30'),
(39, 0, 'hishida2', 'いっぱい投稿いっぱいぱいNUM=1', NULL, 0, NULL, NULL, '2019-12-12 01:33:31', '2019-12-12 01:33:31'),
(40, 0, 'hishida2', 'いっぱい投稿いっぱいぱいNUM=2', NULL, 0, NULL, NULL, '2019-12-12 01:33:31', '2019-12-12 01:33:31'),
(41, 0, 'hishida2', 'いっぱい投稿いっぱいぱいNUM=3', NULL, 0, NULL, NULL, '2019-12-12 01:33:32', '2019-12-12 01:33:32'),
(42, 0, 'hishida2', 'いっぱい投稿いっぱいぱいNUM=4', NULL, 0, NULL, NULL, '2019-12-12 01:33:33', '2019-12-12 01:33:33'),
(43, 0, 'hishida2', 'いっぱい投稿いっぱいぱいNUM=5', NULL, 0, NULL, NULL, '2019-12-12 01:33:33', '2019-12-12 01:33:33'),
(44, 0, 'hishida2', 'いっぱい投稿いっぱいぱいNUM=6', NULL, 0, NULL, NULL, '2019-12-12 01:33:34', '2019-12-12 01:33:34'),
(45, 0, 'hishida2', 'いっぱい投稿いっぱいぱいNUM=7', NULL, 0, NULL, NULL, '2019-12-12 01:33:34', '2019-12-12 01:33:34'),
(46, 0, 'hishida2', 'いっぱい投稿いっぱいぱいNUM=8', NULL, 0, NULL, NULL, '2019-12-12 01:33:35', '2019-12-12 01:33:35'),
(47, 0, 'hishida2', 'いっぱい投稿いっぱいぱいNUM=9', NULL, 0, NULL, NULL, '2019-12-12 01:33:35', '2019-12-12 01:33:35'),
(48, 0, 'hishida2', 'いっぱい投稿いっぱいぱいNUM=10', NULL, 0, NULL, NULL, '2019-12-12 01:33:36', '2019-12-12 01:33:36'),
(49, 0, 'hishida2', 'いっぱい投稿いっぱいぱいNUM=11', NULL, 0, NULL, NULL, '2019-12-12 01:33:37', '2019-12-12 01:33:37'),
(50, 0, 'hishida2', 'いっぱい投稿いっぱいぱいNUM=12', NULL, 0, NULL, NULL, '2019-12-12 01:33:37', '2019-12-12 01:33:37'),
(51, 0, 'hishida2', 'いっぱい投稿いっぱいぱいNUM=13', NULL, 0, NULL, NULL, '2019-12-12 01:33:38', '2019-12-12 01:33:38'),
(52, 0, 'hishida2', 'いっぱい投稿いっぱいぱいNUM=14', NULL, 0, NULL, NULL, '2019-12-12 01:33:39', '2019-12-12 01:33:39'),
(53, 0, 'hishida2', 'いっぱい投稿いっぱいぱいNUM=15', NULL, 0, NULL, NULL, '2019-12-12 01:33:39', '2019-12-12 01:33:39'),
(54, 0, 'hishida2', 'いっぱい投稿いっぱいぱいNUM=16', NULL, 0, NULL, NULL, '2019-12-12 01:33:40', '2019-12-12 01:33:40'),
(55, 0, 'hishida2', 'いっぱい投稿いっぱいぱいNUM=17', NULL, 0, NULL, NULL, '2019-12-12 01:33:40', '2019-12-12 01:33:40'),
(56, 0, 'hishida2', 'いっぱい投稿いっぱいぱいNUM=18', NULL, 0, NULL, NULL, '2019-12-12 01:33:41', '2019-12-12 01:33:41'),
(57, 0, 'hishida2', 'いっぱい投稿いっぱいぱいNUM=19', NULL, 0, NULL, NULL, '2019-12-12 01:33:41', '2019-12-12 01:33:41'),
(58, 0, 'hishida2', 'いっぱい投稿いっぱいぱいNUM=20', NULL, 0, NULL, NULL, '2019-12-12 01:33:42', '2019-12-12 01:33:42'),
(59, 0, 'hishida2', 'いっぱい投稿いっぱいぱいNUM=21', NULL, 0, NULL, NULL, '2019-12-12 01:33:43', '2019-12-12 01:33:43'),
(60, 0, 'hishida2', 'いっぱい投稿いっぱいぱいNUM=22', NULL, 0, NULL, NULL, '2019-12-12 01:33:43', '2019-12-12 01:33:43'),
(61, 0, 'hishida2', 'いっぱい投稿いっぱいぱいNUM=23', NULL, 0, NULL, NULL, '2019-12-12 01:33:44', '2019-12-12 01:33:44'),
(62, 0, 'hishida2', 'いっぱい投稿いっぱいぱいNUM=24', NULL, 0, NULL, NULL, '2019-12-12 01:33:45', '2019-12-12 01:33:45'),
(63, 0, 'hishida2', 'いっぱい投稿いっぱいぱいNUM=25', NULL, 0, NULL, NULL, '2019-12-12 01:33:45', '2019-12-12 01:33:45'),
(64, 0, 'hishida2', 'いっぱい投稿いっぱいぱいNUM=26', NULL, 0, NULL, NULL, '2019-12-12 01:33:46', '2019-12-12 01:33:46'),
(65, 0, 'hishida2', 'いっぱい投稿いっぱいぱいNUM=27', NULL, 0, NULL, NULL, '2019-12-12 01:33:46', '2019-12-12 01:33:46'),
(66, 0, 'hishida2', 'いっぱい投稿いっぱいぱいNUM=28', NULL, 0, NULL, NULL, '2019-12-12 01:33:47', '2019-12-12 01:33:47'),
(67, 0, 'hishida2', 'いっぱい投稿いっぱいぱいNUM=29', NULL, 0, NULL, NULL, '2019-12-12 01:33:48', '2019-12-12 01:33:48'),
(68, 0, 'hishida2', 'いっぱい投稿いっぱいぱいNUM=30', NULL, 0, NULL, NULL, '2019-12-12 01:33:48', '2019-12-12 01:33:48'),
(69, 0, 'hishida2', 'いっぱい投稿いっぱいぱいNUM=31', NULL, 0, NULL, NULL, '2019-12-12 01:33:49', '2019-12-12 01:33:49'),
(70, 0, 'hishida2', 'いっぱい投稿いっぱいぱいNUM=32', NULL, 0, NULL, NULL, '2019-12-12 01:33:50', '2019-12-12 01:33:50'),
(71, 0, 'hishida2', 'いっぱい投稿いっぱいぱいNUM=33', NULL, 0, NULL, NULL, '2019-12-12 01:33:50', '2019-12-12 01:33:50'),
(72, 0, 'hishida2', 'いっぱい投稿いっぱいぱいNUM=34', NULL, 0, NULL, NULL, '2019-12-12 01:33:51', '2019-12-12 01:33:51'),
(73, 0, 'hishida2', 'いっぱい投稿いっぱいぱいNUM=35', NULL, 0, NULL, NULL, '2019-12-12 01:33:51', '2019-12-12 01:33:51'),
(74, 0, 'hishida2', 'いっぱい投稿いっぱいぱいNUM=36', NULL, 0, NULL, NULL, '2019-12-12 01:33:52', '2019-12-12 01:33:52'),
(75, 0, 'hishida2', 'いっぱい投稿いっぱいぱいNUM=37', NULL, 0, NULL, NULL, '2019-12-12 01:33:53', '2019-12-12 01:33:53'),
(76, 0, 'hishida2', 'いっぱい投稿いっぱいぱいNUM=38', NULL, 0, NULL, NULL, '2019-12-12 01:33:53', '2019-12-12 01:33:53'),
(77, 0, 'hishida2', 'いっぱい投稿いっぱいぱいNUM=39', NULL, 0, NULL, NULL, '2019-12-12 01:33:54', '2019-12-12 01:33:54'),
(78, 0, 'hishida2', 'いっぱい投稿いっぱいぱいNUM=40', NULL, 0, NULL, NULL, '2019-12-12 01:33:54', '2019-12-12 01:33:54'),
(79, 0, 'hishida2', 'いっぱい投稿いっぱいぱいNUM=41', NULL, 0, NULL, NULL, '2019-12-12 01:33:55', '2019-12-12 01:33:55'),
(80, 0, 'hishida2', 'いっぱい投稿いっぱいぱいNUM=42', NULL, 0, NULL, NULL, '2019-12-12 01:33:56', '2019-12-12 01:33:56'),
(81, 0, 'hishida2', 'いっぱい投稿いっぱいぱいNUM=43', NULL, 0, NULL, NULL, '2019-12-12 01:33:56', '2019-12-12 01:33:56'),
(82, 0, 'hishida2', 'いっぱい投稿いっぱいぱいNUM=44', NULL, 0, NULL, NULL, '2019-12-12 01:33:57', '2019-12-12 01:33:57'),
(83, 0, 'hishida2', 'いっぱい投稿いっぱいぱいNUM=45', NULL, 0, NULL, NULL, '2019-12-12 01:33:57', '2019-12-12 01:33:57'),
(84, 0, 'hishida2', 'いっぱい投稿いっぱいぱいNUM=46', NULL, 0, NULL, NULL, '2019-12-12 01:33:58', '2019-12-12 01:33:58'),
(85, 0, 'hishida2', 'いっぱい投稿いっぱいぱいNUM=47', NULL, 0, NULL, NULL, '2019-12-12 01:33:59', '2019-12-12 01:33:59'),
(86, 0, 'hishida2', 'いっぱい投稿いっぱいぱいNUM=48', NULL, 0, NULL, NULL, '2019-12-12 01:33:59', '2019-12-12 01:33:59'),
(87, 0, 'hishida2', 'いっぱい投稿いっぱいぱいNUM=49', NULL, 0, NULL, NULL, '2019-12-12 01:34:00', '2019-12-12 01:34:00'),
(88, 0, 'yamamoto', 'dadsad', NULL, 0, NULL, NULL, '2019-12-12 07:27:30', '2019-12-12 07:27:30'),
(89, 0, 'yamamoto', 'dadsad', NULL, 0, NULL, NULL, '2019-12-12 07:27:35', '2019-12-12 07:27:35'),
(90, 0, 'yamamoto', 'dadsad', NULL, 0, NULL, NULL, '2019-12-12 07:27:38', '2019-12-12 07:27:38'),
(91, 0, 'yamamoto', 'dadsad', NULL, 0, NULL, NULL, '2019-12-12 07:27:41', '2019-12-12 07:27:41'),
(92, 0, 'yamamoto', 'dadsad', NULL, 0, NULL, NULL, '2019-12-12 07:27:57', '2019-12-12 07:27:57'),
(93, 0, 'yamamoto', 'おちん', NULL, 0, NULL, NULL, '2019-12-12 07:28:41', '2019-12-12 07:28:41'),
(94, 0, 'yamamoto', 'におk', NULL, 0, NULL, NULL, '2019-12-12 07:29:31', '2019-12-12 07:29:31'),
(95, 0, 'yamamoto', 'ギュヒj', NULL, 0, NULL, NULL, '2019-12-12 07:30:17', '2019-12-12 07:30:17'),
(96, 0, 'yamamoto', 'ギュヒj', NULL, 0, NULL, NULL, '2019-12-12 07:30:25', '2019-12-12 07:30:25'),
(97, 0, 'yamamoto', 'ギュヒj', NULL, 0, NULL, NULL, '2019-12-12 07:30:34', '2019-12-12 07:30:34'),
(98, 0, 'yamamoto', 'うんhjlkm', NULL, 0, NULL, NULL, '2019-12-12 07:32:03', '2019-12-12 07:32:03'),
(99, 0, 'yamamoto', 'うんhjlkm', NULL, 0, NULL, NULL, '2019-12-12 07:32:06', '2019-12-12 07:32:06'),
(100, 0, 'yamamoto', 'ういhjおk', NULL, 0, NULL, NULL, '2019-12-12 07:32:48', '2019-12-12 07:32:48'),
(101, 0, 'yamamoto', 'ういhjおk', NULL, 0, NULL, NULL, '2019-12-12 07:32:53', '2019-12-12 07:32:53'),
(102, 0, 'yamamoto', 'jhklんkj；おkぽ', NULL, 0, NULL, NULL, '2019-12-12 14:06:14', '2019-12-12 14:06:14'),
(103, 0, 'yamamoto', 'いジョイklp；', NULL, 0, NULL, NULL, '2019-12-12 14:21:27', '2019-12-12 14:21:27'),
(104, 0, 'yamamoto', 'dadasasd', NULL, 0, NULL, NULL, '2019-12-12 14:22:35', '2019-12-12 14:22:35'),
(105, 0, 'yamamoto', 'kpomm;l;ml;ml;', NULL, 0, NULL, NULL, '2019-12-12 14:25:41', '2019-12-12 14:25:41'),
(106, 0, 'yamamoto', 'mpmmx;zvkl:x,c/', NULL, 0, NULL, NULL, '2019-12-12 14:26:55', '2019-12-12 14:26:55'),
(107, 0, 'yamamoto', 'hbikjnlk;', NULL, 0, NULL, NULL, '2019-12-12 14:32:57', '2019-12-12 14:32:57'),
(108, 0, 'yamamoto', 'ujoik;l,おlkんm', NULL, 0, NULL, NULL, '2019-12-12 14:33:10', '2019-12-12 14:33:10'),
(109, 0, 'yamamoto', 'csdcsdcsc', NULL, 0, NULL, NULL, '2019-12-12 14:34:20', '2019-12-12 14:34:20'),
(110, 0, 'yamamoto', 'csdscjnlkm;', NULL, 0, NULL, NULL, '2019-12-12 14:34:33', '2019-12-12 14:34:33'),
(111, 0, 'yamamoto', 'dadasasd', NULL, 0, NULL, NULL, '2019-12-12 14:52:08', '2019-12-12 14:52:08'),
(112, 0, 'yamamoto', 'bbbbbbbbbbbbbbbbbbbbbbbbb', NULL, 0, NULL, NULL, '2019-12-12 14:52:44', '2019-12-12 14:52:44'),
(113, 0, 'yamamoto', 'g uhbijkl;mnlkbhyiuhij', NULL, 0, NULL, NULL, '2019-12-12 14:53:05', '2019-12-12 14:53:05'),
(114, 0, 'yamamoto', 'l；、・l；；、・', NULL, 0, NULL, NULL, '2019-12-13 02:45:03', '2019-12-13 02:45:03'),
(115, 0, 'yamamoto', '；k、k；', NULL, 0, NULL, NULL, '2019-12-13 02:45:21', '2019-12-13 02:45:21'),
(116, 0, 'yamamoto', '；k、k；', NULL, 0, NULL, NULL, '2019-12-13 02:45:25', '2019-12-13 02:45:25'),
(117, 0, 'yamamoto', '；k、k；', NULL, 0, NULL, NULL, '2019-12-13 02:45:29', '2019-12-13 02:45:29'),
(118, 0, 'yamamoto', 'l＠pl；、ll、l：、l：。', NULL, 0, NULL, NULL, '2019-12-13 14:01:23', '2019-12-13 14:01:23'),
(119, 0, 'yamamoto', 'l＠pl；、ll、l：、l：。', NULL, 0, NULL, NULL, '2019-12-13 14:01:28', '2019-12-13 14:01:28'),
(120, 0, 'yamamoto', 'hkjんlml、', NULL, 0, NULL, NULL, '2019-12-13 14:02:54', '2019-12-13 14:02:54'),
(121, 0, 'yamamoto', 'あああああああああ', NULL, 0, NULL, NULL, '2019-12-14 05:00:44', '2019-12-14 05:00:44'),
(122, 0, 'yamamoto', 'いおjlklkんljん', NULL, 0, NULL, NULL, '2019-12-14 05:26:03', '2019-12-14 05:26:03'),
(123, 0, 'yamamoto', 'いおjlklkんljん', NULL, 0, NULL, NULL, '2019-12-14 05:26:05', '2019-12-14 05:26:05'),
(124, 0, 'yamamoto', 'iobjkjkbkj\nmnlkmlkn\njknnjjknl', NULL, 0, NULL, NULL, '2019-12-14 05:29:25', '2019-12-14 05:29:25'),
(125, 0, 'yamamoto', ',m.mk;]', NULL, 0, NULL, NULL, '2019-12-14 05:36:01', '2019-12-14 05:36:01'),
(126, 0, 'yamamoto', 'いおjlklkんljん', NULL, 0, NULL, NULL, '2019-12-14 05:36:57', '2019-12-14 05:36:57'),
(127, 0, 'yamamoto', '助kぴj', NULL, 0, NULL, NULL, '2019-12-14 05:45:37', '2019-12-14 05:45:37'),
(128, 0, 'yamamoto', '、。mlml；', NULL, 0, NULL, NULL, '2019-12-14 05:47:32', '2019-12-14 05:47:32'),
(129, 0, 'yamamoto', 'だsだだ', NULL, 0, NULL, NULL, '2019-12-14 05:50:58', '2019-12-14 05:50:58'),
(130, 0, 'yamamoto', 'uoho', NULL, 0, NULL, NULL, '2019-12-14 05:51:40', '2019-12-14 05:51:40'),
(131, 0, 'yamamoto1', '山本　ぜん', NULL, 0, NULL, NULL, '2019-12-14 16:01:21', '2019-12-14 16:01:21'),
(132, 0, 'yamamoto1', 'なつき　山本', NULL, 0, NULL, NULL, '2019-12-14 16:01:43', '2019-12-14 16:01:43'),
(133, 0, 'yamamoto1', '全員', NULL, 0, NULL, NULL, '2019-12-14 16:01:58', '2019-12-14 16:01:58'),
(134, 0, 'zemmyo', 'TEST　全員向け投稿', NULL, 0, NULL, NULL, '2019-12-14 16:46:56', '2019-12-14 16:46:56'),
(135, 0, 'zemmyo', 'TEST　全員向け投稿２', NULL, 0, NULL, NULL, '2019-12-14 16:48:04', '2019-12-14 16:48:04'),
(136, 0, 'zemmyo', 'なつ　向け投稿', NULL, 0, NULL, NULL, '2019-12-14 16:48:28', '2019-12-14 16:48:28'),
(137, 0, 'zemmyo', 'やまもと向け投稿', NULL, 0, NULL, NULL, '2019-12-14 16:48:48', '2019-12-14 16:48:48'),
(138, 0, 'yamamoto1', 'ｗごみｗｗ', NULL, 0, NULL, NULL, '2019-12-17 11:57:17', '2019-12-17 11:57:17'),
(139, 0, 'yamamoto1', 'えええ', NULL, 0, NULL, NULL, '2019-12-17 12:31:56', '2019-12-17 12:31:56'),
(140, 0, 'yamamoto1', 'えええ', NULL, 0, NULL, NULL, '2019-12-17 12:32:22', '2019-12-17 12:32:22'),
(141, 0, 'yamamoto1', 'wwww', NULL, 0, NULL, NULL, '2019-12-17 12:52:26', '2019-12-17 12:52:26'),
(142, 0, 'hishida1', 'w', NULL, 0, NULL, NULL, '2019-12-17 13:26:50', '2019-12-17 13:26:50'),
(143, 0, 'yamamoto1', 'www', NULL, 0, NULL, NULL, '2019-12-17 13:56:00', '2019-12-17 13:56:00'),
(144, 0, 'yamamoto1', 'www', NULL, 0, NULL, NULL, '2019-12-17 13:56:16', '2019-12-17 13:56:16'),
(145, 0, 'yamamoto1', 'www', NULL, 0, NULL, NULL, '2019-12-17 13:57:11', '2019-12-17 13:57:11'),
(146, 0, 'yamamoto1', 'www', NULL, 0, NULL, NULL, '2019-12-17 14:01:24', '2019-12-17 14:01:24'),
(147, 0, 'yamamoto1', 'www', NULL, 0, NULL, NULL, '2019-12-17 14:01:51', '2019-12-17 14:01:51'),
(148, 0, 'yamamoto1', 'www', NULL, 0, NULL, NULL, '2019-12-17 14:02:35', '2019-12-17 14:02:35'),
(149, 0, 'yamamoto1', 'ee', NULL, 0, NULL, NULL, '2019-12-17 14:06:13', '2019-12-17 14:06:13'),
(150, 0, 'yamamoto1', 'ww', NULL, 0, NULL, NULL, '2019-12-17 14:08:25', '2019-12-17 14:08:25'),
(151, 0, 'yamamoto1', 'ww', NULL, 0, NULL, NULL, '2019-12-17 14:09:20', '2019-12-17 14:09:20'),
(152, 0, 'yamamoto1', 'ww', NULL, 0, NULL, NULL, '2019-12-17 14:09:33', '2019-12-17 14:09:33'),
(153, 0, 'yamamoto1', 'ｗｗｗ', NULL, 0, NULL, NULL, '2019-12-17 14:19:17', '2019-12-17 14:19:17'),
(154, 0, 'yamamoto1', 'ｗｗ', NULL, 0, NULL, NULL, '2019-12-17 14:24:45', '2019-12-17 14:24:45'),
(155, 0, 'yamamoto1', 'ｗｗｆｆ', NULL, 0, NULL, NULL, '2019-12-17 14:32:38', '2019-12-17 14:32:38'),
(156, 0, 'yamamoto1', 'ｗｗｗｗ', NULL, 0, NULL, NULL, '2019-12-17 15:36:05', '2019-12-17 15:36:05'),
(157, 0, 'yamamoto1', 'えええ', NULL, 0, NULL, NULL, '2019-12-17 15:53:22', '2019-12-17 15:53:22'),
(158, 0, 'yamamoto', 'sdfsdffsdfsfsdfsdfsf', NULL, 0, NULL, NULL, '2019-12-21 04:36:59', '2019-12-21 04:36:59'),
(159, 0, 'yamamoto', 'dsadasa', NULL, 0, NULL, NULL, '2019-12-26 15:46:52', '2019-12-26 15:46:52'),
(160, 0, 'yamamoto', 'gfdsgsx', NULL, 0, NULL, NULL, '2019-12-26 15:58:34', '2019-12-26 15:58:34'),
(161, 0, 'yamamoto', 'ggkj', NULL, 0, NULL, NULL, '2019-12-29 18:48:28', '2019-12-29 18:48:28'),
(162, 0, 'yamamoto', 'fdasv', NULL, 0, NULL, NULL, '2019-12-29 19:05:38', '2019-12-29 19:05:38'),
(163, 0, 'yamamoto', 'joo', NULL, 0, NULL, NULL, '2019-12-29 19:15:17', '2019-12-29 19:15:17'),
(164, 0, 'yamamoto', 'dasda', NULL, 0, NULL, NULL, '2019-12-29 19:49:44', '2019-12-29 19:49:44'),
(165, 0, 'yamamoto', 'dasdas', NULL, 0, NULL, NULL, '2019-12-29 19:50:07', '2019-12-29 19:50:07'),
(166, 0, 'yamamoto', 'lnkm', NULL, 0, NULL, NULL, '2019-12-29 19:54:08', '2019-12-29 19:54:08'),
(167, 0, 'yamamoto', 'lkml', NULL, 0, NULL, NULL, '2019-12-29 19:54:59', '2019-12-29 19:54:59'),
(168, 0, 'yamamoto', 'm.,', NULL, 0, NULL, NULL, '2019-12-29 19:57:25', '2019-12-29 19:57:25'),
(169, 0, 'yamamoto', 'dasasd', NULL, 0, NULL, NULL, '2019-12-29 20:05:12', '2019-12-29 20:05:12'),
(170, 0, 'yamamoto', 'zdvcx', NULL, 0, NULL, NULL, '2019-12-29 20:06:36', '2019-12-29 20:06:36'),
(171, 0, 'yamamoto', ',jnk.ml', NULL, 0, NULL, NULL, '2019-12-29 20:16:40', '2019-12-29 20:16:40'),
(172, 0, 'yamamoto', 'dsadsa', NULL, 0, NULL, NULL, '2020-01-09 05:12:15', '2020-01-09 05:12:15'),
(173, 0, 'yamamoto', 'dasdas', NULL, 0, NULL, NULL, '2020-01-09 05:18:48', '2020-01-09 05:18:48'),
(174, 0, 'yamamoto', 'dasdas', NULL, 0, NULL, NULL, '2020-01-09 05:19:08', '2020-01-09 05:19:08'),
(175, 0, 'yamamoto', 'dadasda', NULL, 0, NULL, NULL, '2020-01-09 05:19:51', '2020-01-09 05:19:51'),
(176, 0, 'yamamoto', 'dsada', NULL, 0, NULL, NULL, '2020-01-09 05:20:09', '2020-01-09 05:20:09'),
(177, 0, 'yamamoto', 'dsadad', NULL, 0, NULL, NULL, '2020-01-09 05:20:55', '2020-01-09 05:20:55'),
(178, 0, 'yamamoto', 'dsad', NULL, 0, NULL, NULL, '2020-01-09 05:24:52', '2020-01-09 05:24:52'),
(179, 0, 'yamamoto', 'dsadsa', NULL, 0, NULL, NULL, '2020-01-09 05:31:18', '2020-01-09 05:31:18'),
(180, 0, 'yamamoto', 'だsだs', NULL, 0, NULL, NULL, '2020-01-09 05:33:13', '2020-01-09 05:33:13'),
(181, 0, 'yamamoto', 'だsdさ', NULL, 0, NULL, NULL, '2020-01-09 05:35:30', '2020-01-09 05:35:30'),
(182, 0, 'yamamoto', 'assdasZX', NULL, 0, NULL, NULL, '2020-01-09 05:44:00', '2020-01-09 05:44:00'),
(183, 0, 'yamamoto', 'dasda', NULL, 0, NULL, NULL, '2020-01-09 05:44:25', '2020-01-09 05:44:25'),
(184, 0, 'yamamoto', 'dasdad', NULL, 0, NULL, NULL, '2020-01-09 05:49:57', '2020-01-09 05:49:57'),
(185, 0, 'yamamoto', 'dsadad', NULL, 0, NULL, NULL, '2020-01-09 05:50:08', '2020-01-09 05:50:08'),
(186, 0, 'yamamoto', 'czxcxz', NULL, 0, NULL, NULL, '2020-01-09 05:56:32', '2020-01-09 05:56:32'),
(187, 0, 'yamamoto', '0j9pii;', NULL, 0, NULL, NULL, '2020-01-09 05:58:37', '2020-01-09 05:58:37'),
(188, 0, 'yamamoto', 'dsadsadasd', NULL, 0, NULL, NULL, '2020-01-09 06:00:30', '2020-01-09 06:00:30'),
(189, 0, 'yamamoto', 'dasdasd', NULL, 0, NULL, NULL, '2020-01-09 06:10:32', '2020-01-09 06:10:32'),
(190, 0, 'yamamoto', 'dasdasd', NULL, 0, NULL, NULL, '2020-01-09 06:11:49', '2020-01-09 06:11:49'),
(191, 0, 'yamamoto', 'dasdasd', NULL, 0, NULL, NULL, '2020-01-09 06:16:47', '2020-01-09 06:16:47'),
(192, 0, 'yamamoto', 'dasda', NULL, 0, NULL, NULL, '2020-01-09 06:17:23', '2020-01-09 06:17:23'),
(193, 0, 'yamamoto', 'fsafdasd', NULL, 0, NULL, NULL, '2020-01-09 06:18:43', '2020-01-09 06:18:43'),
(194, 0, 'yamamoto', 'dasdsaasd', NULL, 0, NULL, NULL, '2020-01-09 06:29:18', '2020-01-09 06:29:18'),
(195, 0, 'yamamoto', 'dasdsa', NULL, 0, NULL, NULL, '2020-01-09 06:37:54', '2020-01-09 06:37:54'),
(196, 0, 'yamamoto', 'dsadasd', NULL, 0, NULL, NULL, '2020-01-09 06:55:06', '2020-01-09 06:55:06'),
(197, 0, 'yamamoto', 'INOIO', NULL, 0, NULL, NULL, '2020-01-09 06:59:48', '2020-01-09 06:59:48'),
(198, 0, 'yamamoto', 'dasdad', NULL, 0, NULL, NULL, '2020-01-09 07:02:26', '2020-01-09 07:02:26'),
(199, 0, 'yamamoto', 'dasd', NULL, 0, NULL, NULL, '2020-01-09 07:04:39', '2020-01-09 07:04:39'),
(200, 0, 'yamamoto', 'dasd', NULL, 0, NULL, NULL, '2020-01-09 07:04:49', '2020-01-09 07:04:49'),
(201, 0, 'yamamoto', 'dasdad', NULL, 0, NULL, NULL, '2020-01-09 07:05:26', '2020-01-09 07:05:26'),
(202, 0, 'yamamoto', 'dasdasd', NULL, 0, NULL, NULL, '2020-01-09 07:05:38', '2020-01-09 07:05:38'),
(203, 0, 'yamamoto', 'dadas', NULL, 0, NULL, NULL, '2020-01-09 07:06:41', '2020-01-09 07:06:41'),
(204, 0, 'yamamoto', 'sadasdasd', NULL, 0, NULL, NULL, '2020-01-09 07:10:44', '2020-01-09 07:10:44'),
(205, 0, 'yamamoto', 'jnioj', NULL, 0, NULL, NULL, '2020-01-09 07:14:38', '2020-01-09 07:14:38'),
(206, 0, 'yamamoto', 'だだsだsd', NULL, 0, NULL, NULL, '2020-01-09 07:16:17', '2020-01-09 07:16:17'),
(207, 0, 'yamamoto', 'dsadas', NULL, 0, NULL, NULL, '2020-01-09 07:21:00', '2020-01-09 07:21:00'),
(208, 0, 'yamamoto', 'dadasd', NULL, 0, NULL, NULL, '2020-01-09 07:23:07', '2020-01-09 07:23:07'),
(209, 0, 'yamamoto', 'bhkjoi', NULL, 0, NULL, NULL, '2020-01-09 07:25:21', '2020-01-09 07:25:21'),
(210, 0, 'yamamoto', 'dadas', NULL, 0, NULL, NULL, '2020-01-09 07:26:36', '2020-01-09 07:26:36'),
(211, 0, 'yamamoto', 'dfaffafaaaaaaaaaaa', NULL, 0, NULL, NULL, '2020-01-09 07:27:06', '2020-01-09 07:27:06'),
(212, 0, 'yamamoto', 'だsdさd', NULL, 0, NULL, NULL, '2020-01-09 13:28:55', '2020-01-09 13:28:55'),
(213, 0, 'yamamoto', 'dasdasd', NULL, 0, NULL, NULL, '2020-01-09 13:34:53', '2020-01-09 13:34:53'),
(214, 0, 'yamamoto', 'dasda', NULL, 0, NULL, NULL, '2020-01-09 13:35:31', '2020-01-09 13:35:31'),
(215, 0, 'yamamoto', 'dadasdad', NULL, 0, NULL, NULL, '2020-01-09 13:36:22', '2020-01-09 13:36:22'),
(216, 0, 'yamamoto', 'dasdasd', NULL, 0, NULL, NULL, '2020-01-09 13:48:36', '2020-01-09 13:48:36'),
(217, 0, 'yamamoto', 'dasdasd', NULL, 0, NULL, NULL, '2020-01-09 13:53:18', '2020-01-09 13:53:18'),
(218, 0, 'yamamoto', 'だsだsdさっdさ', NULL, 0, NULL, NULL, '2020-01-09 13:57:43', '2020-01-09 13:57:43'),
(219, 0, 'yamamoto', 'だsだsだsだsd', NULL, 0, NULL, NULL, '2020-01-09 14:04:24', '2020-01-09 14:04:24'),
(220, 0, 'yamamoto', 'dasdasd', NULL, 0, NULL, NULL, '2020-01-09 14:06:43', '2020-01-09 14:06:43'),
(221, 0, 'yamamoto', 'dasdasd', NULL, 0, NULL, NULL, '2020-01-09 14:07:55', '2020-01-09 14:07:55'),
(222, 0, 'yamamoto', 'dasdasdasd', NULL, 0, NULL, NULL, '2020-01-09 14:17:04', '2020-01-09 14:17:04'),
(223, 0, 'yamamoto', 'dsada', NULL, 0, NULL, NULL, '2020-01-09 14:55:17', '2020-01-09 14:55:17'),
(224, 0, 'yamamoto', 'dasdasd', NULL, 0, NULL, NULL, '2020-01-09 14:58:04', '2020-01-09 14:58:04'),
(225, 0, 'hishida1', 'awd', NULL, 0, NULL, NULL, '2020-01-09 15:11:30', '2020-01-09 15:11:30'),
(226, 0, 'hishida1', 'www', NULL, 0, NULL, NULL, '2020-01-09 15:11:36', '2020-01-09 15:11:36'),
(227, 0, 'yamamoto', 'だsdさdさd', NULL, 0, NULL, NULL, '2020-01-09 15:12:48', '2020-01-09 15:12:48'),
(228, 0, 'yamamoto', 'dさだ', NULL, 0, NULL, NULL, '2020-01-09 15:16:30', '2020-01-09 15:16:30'),
(229, 0, 'yamamoto', 'cxzc', NULL, 0, NULL, NULL, '2020-01-09 15:21:36', '2020-01-09 15:21:36'),
(230, 0, 'hishida1', 'hjghj', NULL, 0, NULL, NULL, '2020-01-09 15:22:01', '2020-01-09 15:22:01'),
(231, 0, 'hishida1', 'fff', NULL, 0, NULL, NULL, '2020-01-09 15:28:39', '2020-01-09 15:28:39'),
(232, 0, 'hishida1', 'www', NULL, 0, NULL, NULL, '2020-01-09 15:58:14', '2020-01-09 15:58:14'),
(233, 0, 'hishida1', 'jkj', NULL, 0, NULL, NULL, '2020-01-09 16:00:10', '2020-01-09 16:00:10'),
(234, 0, 'hishida1', 'www', NULL, 0, NULL, NULL, '2020-01-09 16:03:58', '2020-01-09 16:03:58'),
(235, 0, 'hishida1', 'ww', NULL, 0, NULL, NULL, '2020-01-09 16:04:51', '2020-01-09 16:04:51'),
(236, 0, 'hishida1', 'www', NULL, 0, NULL, NULL, '2020-01-09 16:05:43', '2020-01-09 16:05:43'),
(237, 0, 'hishida1', 'fdsf', NULL, 0, NULL, NULL, '2020-01-09 16:06:13', '2020-01-09 16:06:13'),
(238, 0, 'hishida1', 'wwww', NULL, 0, NULL, NULL, '2020-01-09 16:06:55', '2020-01-09 16:06:55'),
(239, 0, 'hishida1', 'wadwd', NULL, 0, NULL, NULL, '2020-01-09 16:07:26', '2020-01-09 16:07:26'),
(240, 0, 'yamamoto', 'あああああ', NULL, 0, NULL, NULL, '2020-01-09 16:08:04', '2020-01-09 16:08:04'),
(241, 0, 'yamamoto', 'daaaaaa', NULL, 0, NULL, NULL, '2020-01-09 16:12:01', '2020-01-09 16:12:01'),
(242, 0, 'yamamoto', 'いいいいいいいいい', NULL, 0, NULL, NULL, '2020-01-09 16:12:51', '2020-01-09 16:12:51'),
(243, 0, 'yamamoto', '　gjhjんhbkんjlj', NULL, 0, NULL, NULL, '2020-01-09 16:17:11', '2020-01-09 16:17:11'),
(244, 0, 'yamamoto', 'mpk；、mp', NULL, 0, NULL, NULL, '2020-01-09 16:17:25', '2020-01-09 16:17:25'),
(245, 0, 'hishida1', 'あほ', NULL, 0, NULL, NULL, '2020-01-09 16:18:18', '2020-01-09 16:18:18'),
(246, 0, 'hishida1', 'ｔｒｙｈｒｔ', NULL, 0, NULL, NULL, '2020-01-09 16:18:33', '2020-01-09 16:18:33'),
(247, 0, 'yamamoto', 'noijnjionkj', NULL, 0, NULL, NULL, '2020-01-09 16:19:24', '2020-01-09 16:19:24'),
(248, 0, 'yamamoto', 'ojjjkkjkj', NULL, 0, NULL, NULL, '2020-01-09 16:20:38', '2020-01-09 16:20:38'),
(249, 0, 'hishida1', 'ｗｗｗ', NULL, 0, NULL, NULL, '2020-01-09 16:20:52', '2020-01-09 16:20:52'),
(250, 0, 'hishida2', 'eeeeee', NULL, 0, NULL, NULL, '2020-01-09 16:26:28', '2020-01-09 16:26:28'),
(251, 0, 'yamamoto', 'んlkんklん', NULL, 0, NULL, NULL, '2020-01-09 16:29:15', '2020-01-09 16:29:15'),
(252, 0, 'yamamoto', 'んlkんklん', NULL, 0, NULL, NULL, '2020-01-09 16:29:23', '2020-01-09 16:29:23'),
(253, 0, 'yamamoto', 'んlんj', NULL, 0, NULL, NULL, '2020-01-09 16:29:39', '2020-01-09 16:29:39'),
(254, 0, 'yamamoto', 'っっっっっっっっっk', NULL, 0, NULL, NULL, '2020-01-09 16:30:24', '2020-01-09 16:30:24'),
(255, 0, 'yamamoto', 'ンンンンンンンンん', NULL, 0, NULL, NULL, '2020-01-09 16:30:58', '2020-01-09 16:30:58'),
(256, 0, 'yamamoto', 'dasdasd', NULL, 0, NULL, NULL, '2020-01-09 16:36:59', '2020-01-09 16:36:59'),
(257, 0, 'zemmyo', 'aaa', NULL, 0, NULL, NULL, '2020-01-09 16:39:40', '2020-01-09 16:39:40'),
(258, 0, 'zemmyo', 'nnn', NULL, 0, NULL, NULL, '2020-01-09 16:40:00', '2020-01-09 16:40:00'),
(259, 0, 'hishida2', 'wdwdw', NULL, 0, NULL, NULL, '2020-01-09 16:40:08', '2020-01-09 16:40:08'),
(260, 0, 'natsu', 'njjjj', NULL, 0, NULL, NULL, '2020-01-09 16:41:42', '2020-01-09 16:41:42'),
(261, 0, 'natsu', 'hhhh', NULL, 0, NULL, NULL, '2020-01-09 16:42:11', '2020-01-09 16:42:11'),
(262, 0, 'hishida2', 'www', NULL, 0, NULL, NULL, '2020-01-09 16:44:21', '2020-01-09 16:44:21'),
(263, 0, 'hishida2', 'www', NULL, 0, NULL, NULL, '2020-01-09 16:44:32', '2020-01-09 16:44:32'),
(264, 0, 'hishida2', 'wwww', NULL, 0, NULL, NULL, '2020-01-09 16:46:13', '2020-01-09 16:46:13'),
(265, 0, 'hishida2', 'e', NULL, 0, NULL, NULL, '2020-01-09 16:48:21', '2020-01-09 16:48:21'),
(266, 0, 'hishida2', 'wad', NULL, 0, NULL, NULL, '2020-01-09 16:59:23', '2020-01-09 16:59:23'),
(267, 0, 'hishida2', 'ｓｄ', NULL, 0, NULL, NULL, '2020-01-11 00:18:25', '2020-01-11 00:18:25'),
(268, 0, 'hishida1', 'ごみじゃん', NULL, 0, NULL, NULL, '2020-01-11 00:22:53', '2020-01-11 00:22:53'),
(269, 0, 'hishida1', 'わｄ', NULL, 0, NULL, NULL, '2020-01-11 00:23:02', '2020-01-11 00:23:02'),
(270, 0, 'hishida1', 'www', NULL, 0, NULL, NULL, '2020-01-11 15:04:33', '2020-01-11 15:04:33'),
(271, 0, 'hishida1', 'wadwad', 268, 0, NULL, NULL, '2020-01-11 15:10:15', '2020-01-11 15:10:15'),
(272, 0, 'hishida1', 'wwadwa', NULL, 0, NULL, NULL, '2020-01-11 15:10:34', '2020-01-11 15:10:34'),
(273, 0, 'hishida1', 'wwww', 272, 0, NULL, NULL, '2020-01-12 13:43:43', '2020-01-12 13:43:43'),
(274, 0, 'hishida1', 'w', NULL, 0, NULL, NULL, '2020-01-12 22:09:03', '2020-01-12 22:09:03'),
(275, 0, 'natsu', 'jijpoad', NULL, 0, NULL, NULL, '2020-01-12 22:50:57', '2020-01-12 22:50:57'),
(276, 0, 'yamamoto', 'だsだsd', 272, 0, NULL, NULL, '2020-01-15 14:40:41', '2020-01-15 14:40:41'),
(277, 0, 'hishida1', 'くそが', NULL, 0, NULL, NULL, '2020-01-18 14:25:43', '2020-01-18 14:25:43'),
(278, 0, 'yamamoto', 'kuhkojlbkhbjklbkh', 277, 0, NULL, NULL, '2020-01-20 02:44:01', '2020-01-20 02:44:01'),
(279, 0, 'yamamoto', 'おま○け', 277, 0, NULL, NULL, '2020-01-20 02:44:44', '2020-01-20 02:44:44'),
(280, 0, 'yamamoto', 'ihoaisd', NULL, 0, NULL, NULL, '2020-01-20 07:06:48', '2020-01-20 07:06:48'),
(281, 0, 'hishida1', 'ああああああああああああああああわけわからんわあああああああああああああああああああああああああああああああああああああああああああああ', NULL, 0, NULL, NULL, '2020-01-22 07:09:06', '2020-01-22 07:09:06'),
(282, 0, 'hishida1', 'あーほｗ', NULL, 0, NULL, NULL, '2020-01-22 08:20:11', '2020-01-22 08:20:11'),
(283, 0, 'hishida_test', 'あｓだｗ', NULL, 0, NULL, NULL, '2020-01-23 01:28:56', '2020-01-23 01:28:56'),
(284, 0, 'hishida_test', 'ｈ', NULL, 0, NULL, NULL, '2020-01-23 01:59:53', '2020-01-23 01:59:53'),
(285, 0, 'natsu', 'tesut', NULL, 0, NULL, NULL, '2020-01-23 05:24:54', '2020-01-23 05:24:54'),
(286, 0, 'yamamoto1', 'なつきむけ', NULL, 0, NULL, NULL, '2020-01-23 06:35:43', '2020-01-23 06:35:43'),
(287, 0, 'yamamoto1', '善明向け', NULL, 0, NULL, NULL, '2020-01-23 06:35:57', '2020-01-23 06:35:57'),
(288, 0, 'yamamoto1', '全員むけ', NULL, 0, NULL, NULL, '2020-01-23 06:36:23', '2020-01-23 06:36:23'),
(289, 0, 'hishida_test', 'こういうデザインすこ', 284, 0, NULL, NULL, '2020-01-24 02:32:39', '2020-01-24 02:32:39'),
(290, 0, 'zemmyo', 'yamamotoのみ', NULL, 0, NULL, NULL, '2020-01-24 22:46:34', '2020-01-24 22:46:34'),
(291, 0, 'hishida1', 'lll', NULL, 0, NULL, NULL, '2020-01-24 23:35:13', '2020-01-24 23:35:13'),
(292, 0, 'hishida1', '/', NULL, 0, NULL, NULL, '2020-01-24 23:45:57', '2020-01-24 23:45:57'),
(293, 0, 'hishida1', 'うんち', NULL, 0, NULL, NULL, '2020-01-25 00:42:43', '2020-01-25 00:42:43'),
(294, 0, 'hishida1', 'ｌ', NULL, 0, NULL, NULL, '2020-01-26 00:59:30', '2020-01-26 00:59:30'),
(295, 0, 'hishida1', '', NULL, 0, NULL, NULL, '2020-01-26 01:35:49', '2020-01-26 01:35:49'),
(296, 0, 'hishida1', '', NULL, 0, NULL, NULL, '2020-01-26 01:36:38', '2020-01-26 01:36:38'),
(297, 0, 'natsu', 'dasdsad', NULL, 0, NULL, NULL, '2020-01-26 09:38:17', '2020-01-26 09:38:17'),
(298, 0, 'natsu', 'nlnjlnk', NULL, 0, NULL, NULL, '2020-01-26 10:24:22', '2020-01-26 10:24:22'),
(299, 0, 'natsu', 'njpkonljpo', NULL, 0, NULL, NULL, '2020-01-26 10:24:50', '2020-01-26 10:24:50'),
(300, 0, 'natsu', 'dsadasdasd', NULL, 0, NULL, NULL, '2020-01-26 10:38:54', '2020-01-26 10:38:54'),
(301, 0, 'natsu', 'dadawdawd', NULL, 0, NULL, NULL, '2020-01-26 10:39:16', '2020-01-26 10:39:16'),
(302, 0, 'natsu', 'unnnnnnnnnnnnnnnnnnnnnnn', NULL, 0, NULL, NULL, '2020-01-26 10:39:36', '2020-01-26 10:39:36'),
(303, 0, 'natsu', 'dasdasdasd', NULL, 0, NULL, NULL, '2020-01-26 10:40:42', '2020-01-26 10:40:42'),
(304, 0, 'natsu', 'l lkklklkl', NULL, 0, NULL, NULL, '2020-01-26 10:48:08', '2020-01-26 10:48:08'),
(305, 0, 'natsu', 'nuoji9nouij', NULL, 0, NULL, NULL, '2020-01-26 10:53:47', '2020-01-26 10:53:47'),
(306, 0, 'natsu', 'dsadasasd', NULL, 0, NULL, NULL, '2020-01-26 11:00:20', '2020-01-26 11:00:20'),
(307, 0, 'natsu', 'dasdsad', NULL, 0, NULL, NULL, '2020-01-26 11:00:50', '2020-01-26 11:00:50'),
(308, 0, 'natsu', 'dasdasdasd', NULL, 0, NULL, NULL, '2020-01-26 11:01:53', '2020-01-26 11:01:53'),
(309, 0, 'natsu', 'dasasdasda', NULL, 0, NULL, NULL, '2020-01-26 11:05:50', '2020-01-26 11:05:50'),
(310, 0, 'natsu', 'dasdsadas', NULL, 0, NULL, NULL, '2020-01-26 11:13:01', '2020-01-26 11:13:01'),
(311, 0, 'natsu', 'dasdsaaaaaaaa', NULL, 0, NULL, NULL, '2020-01-26 11:14:11', '2020-01-26 11:14:11'),
(312, 0, 'natsu', 'dsaadd', NULL, 0, NULL, NULL, '2020-01-26 11:16:00', '2020-01-26 11:16:00'),
(313, 0, 'natsu', 'njionjknoinkoi', NULL, 0, NULL, NULL, '2020-01-26 11:16:44', '2020-01-26 11:16:44'),
(314, 0, 'natsu', 'bbbbbbbb', NULL, 0, NULL, NULL, '2020-01-26 11:17:10', '2020-01-26 11:17:10'),
(315, 0, 'natsu', 'dsadsadasdaaaaaaaaaaaaaa', NULL, 0, NULL, NULL, '2020-01-26 11:29:33', '2020-01-26 11:29:33'),
(316, 0, 'hishida1', 'のなきくにら', NULL, 0, NULL, NULL, '2020-01-26 12:18:11', '2020-01-26 12:18:11'),
(317, 0, 'hishida_test', 'きらもにちてててて', NULL, 0, NULL, NULL, '2020-01-26 12:41:56', '2020-01-26 12:41:56'),
(318, 0, 'hishida_test', 'は？？なんもできとらんやんけ', 316, 0, NULL, NULL, '2020-01-26 12:42:32', '2020-01-26 12:42:32'),
(319, 0, 'natsu', 'きついっす', NULL, 0, NULL, NULL, '2020-01-26 15:17:29', '2020-01-26 15:17:29'),
(320, 0, 'natsu', '動画撮って編集したり、コード書いたりきついんすけど', NULL, 0, NULL, NULL, '2020-01-26 15:18:41', '2020-01-26 15:18:41'),
(321, 0, 'natsu', 'dwadwadaw', NULL, 0, NULL, NULL, '2020-01-26 15:20:00', '2020-01-26 15:20:00'),
(322, 0, 'natsu', '', NULL, 0, NULL, NULL, '2020-01-26 15:35:47', '2020-01-26 15:35:47'),
(323, 0, 'natsu', 'dadas', NULL, 0, NULL, NULL, '2020-01-26 15:38:04', '2020-01-26 15:38:04'),
(324, 0, 'natsu', 'dsadasdasd', NULL, 0, NULL, NULL, '2020-01-26 15:41:07', '2020-01-26 15:41:07'),
(325, 0, 'natsu', 'dsadasdasd', NULL, 0, NULL, NULL, '2020-01-26 15:41:26', '2020-01-26 15:41:26'),
(326, 0, 'natsu', 'dasdadadad', NULL, 0, NULL, NULL, '2020-01-26 15:44:29', '2020-01-26 15:44:29'),
(327, 0, 'natsu', 'dasdad', NULL, 0, NULL, NULL, '2020-01-26 16:26:05', '2020-01-26 16:26:05'),
(328, 0, 'hishida_test', '', NULL, 0, NULL, NULL, '2020-01-26 17:17:58', '2020-01-26 17:17:58'),
(329, 0, 'hishida_test', ';:,.', NULL, 0, NULL, NULL, '2020-01-26 17:41:13', '2020-01-26 17:41:13'),
(330, 0, 'hishida_test', ';:,.', NULL, 0, NULL, NULL, '2020-01-26 17:41:17', '2020-01-26 17:41:17'),
(331, 0, 'hishida_test', ';:,.', NULL, 0, NULL, NULL, '2020-01-26 17:41:18', '2020-01-26 17:41:18'),
(332, 0, 'hishida_test', 'sfds', NULL, 0, NULL, NULL, '2020-01-26 17:42:23', '2020-01-26 17:42:23'),
(333, 0, 'natsu', 'dasdsada', NULL, 0, NULL, NULL, '2020-01-26 17:42:51', '2020-01-26 17:42:51'),
(334, 0, 'natsu', 'fvdfsa', NULL, 0, NULL, NULL, '2020-01-26 17:43:32', '2020-01-26 17:43:32'),
(335, 0, 'hishida_test', 'sadas', NULL, 0, NULL, NULL, '2020-01-26 17:47:19', '2020-01-26 17:47:19'),
(336, 0, 'natsu', 'dasdsa', NULL, 0, NULL, NULL, '2020-01-26 18:05:14', '2020-01-26 18:05:14'),
(337, 0, 'natsu', 'jionji', NULL, 0, NULL, NULL, '2020-01-26 18:08:01', '2020-01-26 18:08:01'),
(338, 0, 'hishida1', '？？', NULL, 0, NULL, NULL, '2020-01-26 18:58:10', '2020-01-26 18:58:10'),
(339, 0, 'hishida1', '？？', NULL, 0, NULL, NULL, '2020-01-26 18:59:54', '2020-01-26 18:59:54'),
(340, 0, 'hishida1', '？？', NULL, 0, NULL, NULL, '2020-01-26 19:02:42', '2020-01-26 19:02:42'),
(341, 0, 'yamamoto1', 'なつき向け', NULL, 0, NULL, NULL, '2020-01-26 19:04:29', '2020-01-26 19:04:29'),
(342, 0, 'yamamoto1', 'なつき向け', NULL, 0, NULL, NULL, '2020-01-26 19:04:53', '2020-01-26 19:04:53'),
(343, 0, 'yamamoto1', 'dasd', NULL, 0, NULL, NULL, '2020-01-26 19:13:44', '2020-01-26 19:13:44'),
(344, 0, 'yamamoto1', 'dasd', NULL, 0, NULL, NULL, '2020-01-26 19:13:55', '2020-01-26 19:13:55'),
(345, 0, 'yamamoto1', 'dasd', NULL, 0, NULL, NULL, '2020-01-26 19:14:02', '2020-01-26 19:14:02'),
(346, 0, 'yamamoto1', 'dasd', NULL, 0, NULL, NULL, '2020-01-26 19:14:10', '2020-01-26 19:14:10'),
(347, 0, 'yamamoto1', 'dasd', NULL, 0, NULL, NULL, '2020-01-26 19:14:16', '2020-01-26 19:14:16'),
(348, 0, 'yamamoto1', 'dasd', NULL, 0, NULL, NULL, '2020-01-26 19:14:25', '2020-01-26 19:14:25'),
(349, 0, 'yamamoto1', 'dasd', NULL, 0, NULL, NULL, '2020-01-26 19:14:32', '2020-01-26 19:14:32'),
(350, 0, 'yamamoto1', 'dasd', NULL, 0, NULL, NULL, '2020-01-26 19:14:45', '2020-01-26 19:14:45'),
(351, 0, 'yamamoto1', 'dasd', NULL, 0, NULL, NULL, '2020-01-26 19:14:52', '2020-01-26 19:14:52'),
(352, 0, 'yamamoto1', 'jnijokp', NULL, 0, NULL, NULL, '2020-01-26 19:15:14', '2020-01-26 19:15:14'),
(353, 0, 'yamamoto1', 'jnijokp', NULL, 0, NULL, NULL, '2020-01-26 19:27:26', '2020-01-26 19:27:26'),
(354, 0, 'yamamoto1', 'dasdsss', NULL, 0, NULL, NULL, '2020-01-26 19:30:06', '2020-01-26 19:30:06'),
(355, 0, 'yamamoto1', 'なつきあて', NULL, 0, NULL, NULL, '2020-01-26 19:32:58', '2020-01-26 19:32:58'),
(356, 0, 'yamamoto1', '善明むけ', NULL, 0, NULL, NULL, '2020-01-26 19:33:39', '2020-01-26 19:33:39'),
(357, 0, 'yamamoto1', '全員あて', NULL, 0, NULL, NULL, '2020-01-26 19:33:58', '2020-01-26 19:33:58'),
(358, 0, 'zemmyo', 'jomikpmokp', NULL, 0, NULL, NULL, '2020-01-26 19:40:32', '2020-01-26 19:40:32'),
(359, 0, 'hishida_test', 'wad', NULL, 0, NULL, NULL, '2020-01-26 21:22:46', '2020-01-26 21:22:46'),
(360, 0, 'hishida_test', 'awd', NULL, 0, NULL, NULL, '2020-01-26 21:24:23', '2020-01-26 21:24:23'),
(361, 0, 'hishida_test', 'awd', NULL, 0, NULL, NULL, '2020-01-26 21:26:11', '2020-01-26 21:26:11'),
(362, 0, 'hishida_test', 'hsa?', NULL, 0, NULL, NULL, '2020-01-26 21:26:22', '2020-01-26 21:26:22'),
(363, 0, 'hishida_test', 'awd', NULL, 0, NULL, NULL, '2020-01-26 21:27:58', '2020-01-26 21:27:58'),
(364, 0, 'hishida_test', 'ｓ', NULL, 0, NULL, NULL, '2020-01-26 21:31:35', '2020-01-26 21:31:35'),
(365, 0, 'hishida_test', 'わ', NULL, 0, NULL, NULL, '2020-01-26 21:32:09', '2020-01-26 21:32:09'),
(366, 0, 'hishida_test', 'ｗ', NULL, 0, NULL, NULL, '2020-01-26 21:32:26', '2020-01-26 21:32:26'),
(367, 0, 'hishida_test', 'わｄ', NULL, 0, NULL, NULL, '2020-01-26 21:34:11', '2020-01-26 21:34:11'),
(368, 0, 'hishida_test', 'ｇｈｖ', NULL, 0, NULL, NULL, '2020-01-26 21:46:54', '2020-01-26 21:46:54'),
(369, 0, 'hishida_test', 'ｔｇｆｈｆｖｇｈ', NULL, 0, NULL, NULL, '2020-01-26 21:47:05', '2020-01-26 21:47:05'),
(370, 0, 'hishida_test', 'わｄ', NULL, 0, NULL, NULL, '2020-01-26 21:55:27', '2020-01-26 21:55:27'),
(371, 0, 'hishida_test', '', NULL, 0, NULL, NULL, '2020-01-26 21:55:56', '2020-01-26 21:55:56'),
(372, 0, 'hishida1', '', NULL, 0, NULL, NULL, '2020-01-27 00:49:03', '2020-01-27 00:49:03'),
(373, 0, 'hishida1', '', NULL, 0, NULL, NULL, '2020-01-27 00:51:29', '2020-01-27 00:51:29'),
(374, 0, 'hishida1', '', NULL, 0, NULL, NULL, '2020-01-27 00:53:34', '2020-01-27 00:53:34'),
(375, 0, 'hishida1', '', NULL, 0, NULL, NULL, '2020-01-27 00:53:36', '2020-01-27 00:53:36'),
(376, 0, 'hishida1', 'sdfww', NULL, 0, NULL, NULL, '2020-01-27 09:23:44', '2020-01-27 09:23:44'),
(377, 0, 'hishida1', '', NULL, 0, NULL, NULL, '2020-01-27 11:17:46', '2020-01-27 11:17:46'),
(378, 0, 'hishida1', 'fdgdfg', NULL, 0, NULL, NULL, '2020-01-27 11:20:35', '2020-01-27 11:20:35'),
(379, 0, 'hishida1', 'awdwad', NULL, 0, NULL, NULL, '2020-01-27 11:21:02', '2020-01-27 11:21:02'),
(380, 0, 'hishida1', 'awd', NULL, 0, NULL, NULL, '2020-01-27 11:21:44', '2020-01-27 11:21:44'),
(381, 0, 'hishida1', 'wwwwwwwwwwwwwwwwwwwwwww', NULL, 0, NULL, NULL, '2020-01-27 11:21:55', '2020-01-27 11:21:55'),
(382, 0, 'hishida1', 'awdwad', NULL, 0, NULL, NULL, '2020-01-27 11:26:43', '2020-01-27 11:26:43'),
(383, 0, 'hishida1', 'awdwad', NULL, 0, NULL, NULL, '2020-01-27 11:27:22', '2020-01-27 11:27:22'),
(384, 0, 'hishida1', 'wda', NULL, 0, NULL, NULL, '2020-01-27 11:29:19', '2020-01-27 11:29:19'),
(385, 0, 'hishida1', 'awd', NULL, 0, NULL, NULL, '2020-01-27 11:30:00', '2020-01-27 11:30:00'),
(386, 0, 'hishida1', 'fsewda', NULL, 0, NULL, NULL, '2020-01-27 11:32:22', '2020-01-27 11:32:22'),
(387, 0, 'hishida1', 'kjhg', NULL, 0, NULL, NULL, '2020-01-27 11:33:01', '2020-01-27 11:33:01'),
(388, 0, 'hishida_test', 'ｔぐｙ', NULL, 0, NULL, NULL, '2020-01-27 19:18:23', '2020-01-27 19:18:23'),
(389, 0, 'hishida_test', 'wad', NULL, 0, NULL, NULL, '2020-01-27 20:49:02', '2020-01-27 20:49:02'),
(390, 0, 'hishida1', 'wwwwwww', NULL, 0, NULL, NULL, '2020-01-27 21:42:28', '2020-01-27 21:42:28'),
(391, 0, 'hishida1', 'wadawd', NULL, 0, NULL, NULL, '2020-01-27 21:44:55', '2020-01-27 21:44:55'),
(392, 0, 'hishida1', 'sdad', NULL, 0, NULL, NULL, '2020-01-27 21:54:23', '2020-01-27 21:54:23'),
(393, 0, 'hishida1', 'esdasd', NULL, 0, NULL, NULL, '2020-01-27 21:54:46', '2020-01-27 21:54:46'),
(394, 0, 'hishida1', 'なんでやかす', NULL, 0, NULL, NULL, '2020-01-27 21:59:17', '2020-01-27 21:59:17'),
(395, 0, 'hishida1', 'あどぁｄ', NULL, 0, NULL, NULL, '2020-01-27 22:09:50', '2020-01-27 22:09:50'),
(396, 0, 'hishida1', 'あどぁどぁだｗｄさｄあどぁｄ', NULL, 0, NULL, NULL, '2020-01-27 22:11:02', '2020-01-27 22:11:02'),
(397, 0, 'hishida1', 'あどぁｄｗあどぁどぁだｗｄさｄ', NULL, 0, NULL, NULL, '2020-01-27 22:11:07', '2020-01-27 22:11:07'),
(398, 0, 'hishida1', 'あどぁどぁｗｄあどぁどぁ', NULL, 0, NULL, NULL, '2020-01-27 22:13:01', '2020-01-27 22:13:01'),
(399, 0, 'hishida1', 'wad', NULL, 0, NULL, NULL, '2020-01-27 23:35:47', '2020-01-27 23:35:47'),
(400, 0, 'hishida1', 'asdw', NULL, 0, NULL, NULL, '2020-01-27 23:44:06', '2020-01-27 23:44:06'),
(401, 0, 'hishida1', 'kjh', NULL, 0, NULL, NULL, '2020-01-27 23:45:47', '2020-01-27 23:45:47'),
(402, 0, 'hishida1', 'awd', NULL, 0, NULL, NULL, '2020-01-27 23:58:38', '2020-01-27 23:58:38'),
(403, 0, 'hishida1', 'wwad', NULL, 0, NULL, NULL, '2020-01-28 04:19:41', '2020-01-28 04:19:41'),
(404, 0, 'hishida1', 'awdadsss', NULL, 0, NULL, NULL, '2020-01-28 04:21:15', '2020-01-28 04:21:15'),
(405, 0, 'hishida1', 'wdwad', NULL, 0, NULL, NULL, '2020-01-28 04:21:32', '2020-01-28 04:21:32'),
(406, 0, 'hishida1', 'awdw', NULL, 0, NULL, NULL, '2020-01-28 04:24:58', '2020-01-28 04:24:58'),
(407, 0, 'hishida1', 'awd', NULL, 0, NULL, NULL, '2020-01-28 04:31:18', '2020-01-28 04:31:18'),
(408, 0, 'hishida1', 'sadw', NULL, 0, NULL, NULL, '2020-01-28 04:34:28', '2020-01-28 04:34:28'),
(409, 0, 'hishida1', 'awdwd', NULL, 0, NULL, NULL, '2020-01-28 04:35:31', '2020-01-28 04:35:31'),
(410, 0, 'hishida1', '', NULL, 0, NULL, NULL, '2020-01-28 04:36:09', '2020-01-28 04:36:09'),
(411, 0, 'hishida1', '', NULL, 0, NULL, NULL, '2020-01-28 04:53:46', '2020-01-28 04:53:46'),
(412, 0, 'hishida1', '', NULL, 0, NULL, NULL, '2020-01-28 05:00:06', '2020-01-28 05:00:06'),
(413, 0, 'hishida1', 'awd', NULL, 0, NULL, NULL, '2020-01-28 05:09:17', '2020-01-28 05:09:17'),
(414, 0, 'hishida1', 'wad', NULL, 0, NULL, NULL, '2020-01-28 05:43:09', '2020-01-28 05:43:09'),
(415, 0, 'hishida1', '', NULL, 0, NULL, NULL, '2020-01-28 05:43:31', '2020-01-28 05:43:31'),
(416, 0, 'hishida1', '', NULL, 0, NULL, NULL, '2020-01-28 05:45:17', '2020-01-28 05:45:17'),
(417, 0, 'hishida1', '', NULL, 0, NULL, NULL, '2020-01-28 05:45:39', '2020-01-28 05:45:39'),
(418, 0, 'hishida1', '', NULL, 0, NULL, NULL, '2020-01-28 05:45:50', '2020-01-28 05:45:50'),
(419, 0, 'hishida1', '', NULL, 0, NULL, NULL, '2020-01-28 05:46:03', '2020-01-28 05:46:03'),
(420, 0, 'hishida1', '', NULL, 0, NULL, NULL, '2020-01-28 05:57:42', '2020-01-28 05:57:42'),
(421, 0, 'hishida1', '', NULL, 0, NULL, NULL, '2020-01-28 06:00:59', '2020-01-28 06:00:59'),
(422, 0, 'hishida1', '', NULL, 0, NULL, NULL, '2020-01-28 06:01:48', '2020-01-28 06:01:48'),
(423, 0, 'hishida1', '', NULL, 0, NULL, NULL, '2020-01-28 06:02:57', '2020-01-28 06:02:57'),
(424, 0, 'hishida1', 'hjn', NULL, 0, NULL, NULL, '2020-01-28 07:54:20', '2020-01-28 07:54:20'),
(425, 0, 'hishida1', 'uiy', NULL, 0, NULL, NULL, '2020-01-28 07:57:49', '2020-01-28 07:57:49'),
(426, 0, 'hishida1', 'uiy', NULL, 0, NULL, NULL, '2020-01-28 07:57:52', '2020-01-28 07:57:52'),
(427, 0, 'hishida1', 'asdawd', NULL, 0, NULL, NULL, '2020-01-28 08:33:42', '2020-01-28 08:33:42'),
(428, 0, 'hishida1', 'awdwad', NULL, 0, NULL, NULL, '2020-01-28 08:33:50', '2020-01-28 08:33:50'),
(429, 0, 'hishida1', 'fdf', NULL, 0, NULL, NULL, '2020-01-28 08:34:29', '2020-01-28 08:34:29'),
(430, 0, 'hishida_test', 'www', NULL, 0, NULL, NULL, '2020-01-28 08:34:39', '2020-01-28 08:34:39'),
(431, 0, 'hishida1', ';klj', NULL, 0, NULL, NULL, '2020-01-28 09:03:05', '2020-01-28 09:03:05'),
(432, 0, 'hishida1', 'ikhjb', NULL, 0, NULL, NULL, '2020-01-28 09:04:01', '2020-01-28 09:04:01'),
(433, 0, 'hishida_test', 'ｚｘｓｃｃｓ', NULL, 0, NULL, NULL, '2020-01-28 15:39:58', '2020-01-28 15:39:58'),
(434, 0, 'hishida_test', 'ｃｖｇｂｇｆ', NULL, 0, NULL, NULL, '2020-01-29 00:13:43', '2020-01-29 00:13:43'),
(435, 0, 'hishida_test', '', NULL, 0, NULL, NULL, '2020-01-29 13:55:43', '2020-01-29 13:55:43'),
(436, 0, 'hishida_test', '', NULL, 0, NULL, NULL, '2020-01-29 13:56:04', '2020-01-29 13:56:04'),
(437, 0, 'yamamoto1', 'sefewfwef', NULL, 0, NULL, NULL, '2020-01-30 22:12:40', '2020-01-30 22:12:40'),
(438, 0, 'yamamoto1', 'dadasda', NULL, 0, NULL, NULL, '2020-01-30 22:22:49', '2020-01-30 22:22:49'),
(439, 0, 'yamamoto1', 'dsadasd', NULL, 0, NULL, NULL, '2020-01-30 22:30:22', '2020-01-30 22:30:22'),
(440, 0, 'yamamoto1', 'dsadasdsad', NULL, 0, NULL, NULL, '2020-01-30 23:01:57', '2020-01-30 23:01:57'),
(441, 0, 'yamamoto1', 'dsadadad', NULL, 0, NULL, NULL, '2020-01-30 23:04:12', '2020-01-30 23:04:12'),
(442, 0, 'yamamoto1', 'dさだあd', NULL, 0, NULL, NULL, '2020-01-30 23:18:51', '2020-01-30 23:18:51'),
(443, 0, 'yamamoto1', 'dさだあd', NULL, 0, NULL, NULL, '2020-01-30 23:19:07', '2020-01-30 23:19:07'),
(444, 0, 'hishida1', 'sasd', 432, 0, NULL, NULL, '2020-01-31 01:27:25', '2020-01-31 01:27:25'),
(445, 0, 'hishida_test', 'うんち', 425, 0, NULL, NULL, '2020-01-31 09:18:53', '2020-01-31 09:18:53'),
(446, 0, 'hishida_test', 'うんち', 425, 0, NULL, NULL, '2020-01-31 09:18:56', '2020-01-31 09:18:56'),
(447, 0, 'hishida_test', 'ばいくほしいーｗｗｗｗ', NULL, 0, NULL, NULL, '2020-01-31 11:33:30', '2020-01-31 11:33:30'),
(448, 0, 'yamamoto1', 'dadasd', NULL, 0, NULL, NULL, '2020-01-31 12:35:46', '2020-01-31 12:35:46'),
(449, 0, 'yamamoto1', 'dadasd', NULL, 0, NULL, NULL, '2020-01-31 12:36:15', '2020-01-31 12:36:15'),
(450, 0, 'yamamoto1', 'dasdasd', NULL, 0, NULL, NULL, '2020-01-31 12:39:23', '2020-01-31 12:39:23'),
(451, 0, 'yamamoto1', 'dadadasd', NULL, 0, NULL, NULL, '2020-01-31 12:41:21', '2020-01-31 12:41:21'),
(452, 0, 'yamamoto1', 'fsdfvcda', NULL, 0, NULL, NULL, '2020-01-31 12:43:17', '2020-01-31 12:43:17'),
(453, 0, 'yamamoto1', 'dadasdasd', NULL, 0, NULL, NULL, '2020-01-31 13:50:43', '2020-01-31 13:50:43'),
(454, 0, 'yamamoto1', 'だだsdさだ', NULL, 0, NULL, NULL, '2020-01-31 13:55:59', '2020-01-31 13:55:59'),
(455, 0, 'hishida_test', 'awdwd', NULL, 0, NULL, NULL, '2020-01-31 14:05:33', '2020-01-31 14:05:33'),
(456, 0, 'hishida_test', 'awdwd', NULL, 0, NULL, NULL, '2020-01-31 14:10:13', '2020-01-31 14:10:13'),
(457, 0, 'hishida_test', 'awd', NULL, 0, NULL, NULL, '2020-01-31 14:10:58', '2020-01-31 14:10:58'),
(458, 0, 'hishida_test', 'awadw', NULL, 0, NULL, NULL, '2020-01-31 14:12:12', '2020-01-31 14:12:12'),
(459, 0, 'hishida_test', 'awd', NULL, 0, NULL, NULL, '2020-01-31 14:12:28', '2020-01-31 14:12:28'),
(460, 0, 'hishida_test', 'awd', NULL, 0, NULL, NULL, '2020-01-31 14:13:00', '2020-01-31 14:13:00'),
(461, 0, 'hishida_test', 'wdwdw', NULL, 0, NULL, NULL, '2020-01-31 14:14:18', '2020-01-31 14:14:18'),
(462, 0, 'yamamoto1', 'dadasdasd', NULL, 0, NULL, NULL, '2020-01-31 14:28:24', '2020-01-31 14:28:24'),
(463, 0, 'hishida_test', 'poikj,m', NULL, 0, NULL, NULL, '2020-02-01 12:25:55', '2020-02-01 12:25:55'),
(464, 0, 'hishida_test', 'poikj,m', NULL, 0, NULL, NULL, '2020-02-01 12:25:56', '2020-02-01 12:25:56'),
(465, 0, 'hishida1', '', NULL, 0, NULL, NULL, '2020-02-01 15:57:44', '2020-02-01 15:57:44'),
(466, 0, 'hishida_test', 'dsfsrg', NULL, 0, NULL, NULL, '2020-02-03 06:18:46', '2020-02-03 06:18:46'),
(467, 0, 'hishida_test', 'awd', NULL, 0, NULL, NULL, '2020-02-04 01:58:00', '2020-02-04 01:58:00'),
(468, 0, 'hishida_test', 'ds', NULL, 0, NULL, NULL, '2020-02-04 02:55:21', '2020-02-04 02:55:21'),
(469, 0, 'hishida_test', 'wa', NULL, 0, NULL, NULL, '2020-02-04 02:56:28', '2020-02-04 02:56:28'),
(470, 0, 'hishida_test', '', NULL, 0, NULL, NULL, '2020-02-04 03:00:11', '2020-02-04 03:00:11'),
(471, 0, 'yamamoto1', 'なつき向け', NULL, 1, NULL, NULL, '2020-02-05 14:10:30', '2020-02-06 13:18:13'),
(472, 0, 'yamamoto1', '善明むけ', NULL, 1, NULL, NULL, '2020-02-05 14:12:36', '2020-02-06 13:18:26'),
(473, 0, 'yamamoto1', '全員むけ', NULL, 1, NULL, NULL, '2020-02-05 14:13:21', '2020-02-06 13:18:04'),
(474, 0, 'yamamoto1', '善明むけ', NULL, 1, NULL, NULL, '2020-02-05 14:15:14', '2020-02-06 13:17:34'),
(475, 0, 'yamamoto1', 'zennmyou', NULL, 0, NULL, NULL, '2020-02-05 14:18:06', '2020-02-05 14:18:06'),
(476, 0, 'yamamoto1', 'natsuki', NULL, 0, NULL, NULL, '2020-02-05 14:18:45', '2020-02-05 14:18:45'),
(477, 0, 'yamamoto1', 'all', NULL, 0, NULL, NULL, '2020-02-05 14:19:11', '2020-02-05 14:19:11'),
(478, 0, 'zemmyo', '', NULL, 1, NULL, NULL, '2020-02-06 03:14:10', '2020-02-06 13:17:20'),
(479, 0, 'zemmyo', 'nujnl', NULL, 0, NULL, NULL, '2020-02-06 13:21:03', '2020-02-06 13:21:03');

-- --------------------------------------------------------

--
-- テーブルの構造 `users_sessions`
--

CREATE TABLE `users_sessions` (
  `id` varchar(64) NOT NULL,
  `user_id` varchar(32) DEFAULT NULL,
  `challenge` varchar(32) NOT NULL,
  `login_at` timestamp NULL DEFAULT NULL,
  `logout_at` timestamp NULL DEFAULT NULL,
  `created_at` timestamp NOT NULL DEFAULT current_timestamp(),
  `updated_at` timestamp NOT NULL DEFAULT current_timestamp() ON UPDATE current_timestamp()
) ENGINE=InnoDB DEFAULT CHARSET=utf8;

--
-- テーブルのデータのダンプ `users_sessions`
--

INSERT INTO `users_sessions` (`id`, `user_id`, `challenge`, `login_at`, `logout_at`, `created_at`, `updated_at`) VALUES
('03c0b4qtdccm7m841j4devc11j', NULL, 'GEZsfXaQFv4Vu3lDi0Y9xHz1tbUr6SWK', NULL, NULL, '2020-01-20 02:35:07', '2020-01-20 02:35:07'),
('05tqukcrji493cm0ruqnuqo3cm', 'yamamoto', 'QUlZP1OsKtLb7ISDdCnX5Rh02a6f49rY', '2020-01-20 05:50:47', NULL, '2020-01-20 05:50:40', '2020-01-20 05:50:47'),
('0e274uo9gbbfe5jlmoqfah0ouh', 'yamamoto', '2zOxY3EnJp1AIDF0UjX9yl5GkgwBZeRC', '2019-12-11 07:15:33', NULL, '2019-12-11 07:15:28', '2019-12-11 07:15:33'),
('0ua9picbbtptnvdl5h4m8sblp9', 'natsu', 'SwETXP9V8DlOW7IhkHjGt5FL16uczyd4', '2020-02-05 14:43:07', NULL, '2020-02-05 14:43:01', '2020-02-05 14:43:07'),
('11ee7p47s3mk5o5r9133842u37', NULL, 'L5DOqpMyb8wAgjorH0U1TIBmzxf6QR3Z', NULL, NULL, '2019-12-10 14:29:10', '2019-12-10 14:29:10'),
('15v3q15vmds7luhl10gc38o1cu', 'yamamoto1', 'cUoq3KVp06CekBHm4rRiQWsn1xZEMANg', '2020-01-31 06:24:06', NULL, '2020-01-31 06:23:58', '2020-01-31 06:24:06'),
('19psjkuf4aaq6gr3bbb2cdeart', 'hishida1', 'uNRyF6OeI4Z97Tz8nPh1aL25BpUoVA3K', '2019-12-21 17:29:08', NULL, '2019-12-21 17:28:58', '2019-12-21 17:29:08'),
('1cgj42rqnc0ddl3sb67b0joe8h', 'natsu', 'Vw38ISjnfdmoiePuE4A5klG06ycNBaMv', '2020-01-24 22:42:16', NULL, '2020-01-24 22:42:09', '2020-01-24 22:42:16'),
('1j1nmp011jk4p4umbfvgm602pc', 'zemmyo', 'ibhBatS8QEe9x5XnkuzPvgOIs4Jc0l1V', '2019-12-14 16:34:09', NULL, '2019-12-14 16:33:41', '2019-12-14 16:34:09'),
('1jkqr0tdr6nbjvotsdo0snmjcu', NULL, 'Il3nEHpCsdJV8eUxjhPyc9RQ1NKkDLz0', NULL, NULL, '2019-12-03 15:53:08', '2019-12-03 15:53:08'),
('22k7e9g3560ttkh9qdqucbbgt0', NULL, 'UoupaSX0l2OrHmVFJK76Tkc851egQAY4', NULL, NULL, '2020-01-26 18:50:58', '2020-01-26 18:50:58'),
('297m0iig7d0oe1vtrs99t630f2', 'zemmyo', '6viDFya2zLobAGj89OCdTwPhBpMZlfVg', '2020-01-09 16:38:15', NULL, '2020-01-09 16:38:10', '2020-01-09 16:38:15'),
('2e35fl5kqla05lg4c4u4t2svbj', NULL, 'xRYA2XjL7IzOf4QnEHgUPyKFCZhMmoea', NULL, NULL, '2020-01-24 22:34:44', '2020-01-24 22:34:44'),
('2ie3uompdplb5ba7vnvcq9g8c6', 'zemmyo', 'WULBdIrOjpNe7vbRP5lact1DsCYVMiyQ', '2019-12-14 16:29:18', NULL, '2019-12-14 16:29:06', '2019-12-14 16:29:18'),
('2ieuv20ap6g9m555180aak8im3', 'yamamoto1', '0Z4jH7ft2AsIVQl1p5bhy3YnXd8PiEzw', '2020-01-23 05:30:03', NULL, '2020-01-23 05:29:59', '2020-01-23 05:30:03'),
('2trnti37q1f1ljlb6h8ec1m22t', NULL, 'P2C3B0AW4rNdVfOzF5gLekaxS9nsZ8mI', NULL, NULL, '2019-12-15 11:20:31', '2019-12-15 11:20:31'),
('325brp8b0d6rrhqu957phff2qu', 'hishida1', 'xbZPwrgc0TSjh18moqunO7J9DvN54Aze', '2019-12-23 01:26:11', NULL, '2019-12-23 01:26:03', '2019-12-23 01:26:11'),
('358lsd7k5827s3551kuq8t5s1k', 'hishida1', 'BiZfMQJEw5DTlnV1d4xLS8P0HCFYs9I2', '2020-01-09 16:34:45', NULL, '2020-01-09 16:34:39', '2020-01-09 16:34:45'),
('3a3dbumqmb38594edeourcm3gf', 'zemmyo', 'tdLZxvV9HaS3bichzoAwj4BQCpfrOIns', '2019-12-14 16:19:14', NULL, '2019-12-14 16:19:04', '2019-12-14 16:19:14'),
('3cghbef4prrfh3dgcn33hnkqkq', 'yamamoto', 'vC7pcThlbs4io3mDMJtaZjOHW8BqYIKy', '2019-12-21 04:36:33', NULL, '2019-12-21 04:36:29', '2019-12-21 04:36:33'),
('3hv1edos6sg677o1ucdtvose2h', NULL, 'CkBo49Fwv7dQpjyqGzs5A1rSW20JUYE6', NULL, NULL, '2020-01-31 01:18:32', '2020-01-31 01:18:32'),
('3i9p221blft37bl2hq52svb5hu', 'hishida1', 'pctjFnZQT46Hf30NAxWDsChlJUBdRePo', '2019-12-03 16:01:56', NULL, '2019-12-03 16:01:51', '2019-12-03 16:01:56'),
('3jekkie2tuh6h4fuotfgegsn0j', 'yamamoto1', 'wYzuQTvxPNi3aV8Fb7UeyhZI9fGDogEA', '2020-01-28 06:16:21', NULL, '2020-01-28 06:16:14', '2020-01-28 06:16:21'),
('3nid8olf2d68kviunn1kl3q0kj', 'yamamoto1', 'LDdH8hQN6gbUpRMrzYXVFn5myItosZPC', '2020-01-26 19:39:16', NULL, '2020-01-26 19:39:05', '2020-01-26 19:39:16'),
('3r6ii0er3s8b8r7vg21eamqndn', NULL, 'GFJnWQrS2v4uw97PY0ye1TZfplsmREcI', NULL, NULL, '2020-01-21 16:28:35', '2020-01-21 16:28:35'),
('3sk20stt1siatpmd464duiebjm', 'hishida1', 's6SjxmLkpYrO4F83euEXao5TUGh79Cqz', '2020-02-03 03:35:56', NULL, '2020-02-03 03:35:50', '2020-02-03 03:35:56'),
('3u20pcd4m5vhgisv15o8bqlvkh', NULL, 'IW6OKpiUlbZBdGkM9e4JF5PLt23XVTE1', NULL, NULL, '2019-12-03 16:05:59', '2019-12-03 16:05:59'),
('3vqjn9p87ncanidfvfqkgr9rbh', 'zemmyo', 'kgFeAiQBxSdhKN4Lrbj8WJI37UZs5aH2', '2019-12-14 16:37:29', NULL, '2019-12-14 16:36:43', '2019-12-14 16:37:29'),
('40sanu8gm3k07mehjbh96o2ga7', 'hishida1', 'i3o7LJYtE20SHIVXO9mKC1xBjrzbAaFu', '2019-12-03 15:48:37', NULL, '2019-12-03 15:48:32', '2019-12-03 15:48:37'),
('422rh1g3a1p04bu8s9bpd29r3r', 'hishida2', 'bk4ngMsDlf8yHJVKXeSuvozCUNt5dTwQ', NULL, '2020-01-09 16:23:32', '2020-01-09 16:23:22', '2020-01-09 16:23:32'),
('43l4avo4insgf6op6ikjdm4mst', NULL, 'HZd8sNkWDzbyoQFMrSle6XaCnBf5ThKv', NULL, NULL, '2020-01-28 06:11:45', '2020-01-28 06:11:45'),
('45d1spa4p9kq0k6e71k6b0jelv', 'yamamoto1', 'pNkJULaWiuTOQgIqHcymA2le9SRbCrKM', '2019-12-24 05:10:29', NULL, '2019-12-24 05:10:23', '2019-12-24 05:10:29'),
('46vj8iub5nqc3ncs54r4fpn0of', 'hishida1', 'g4mvLa7Zei52b90OUd1wCxrPVoTkhyWX', '2020-01-21 16:12:16', NULL, '2020-01-21 16:12:11', '2020-01-21 16:12:16'),
('4nn8a6d7bc1q9k6rv5o2cchtlq', NULL, 'IA0EpvRJaKzkZlUiTPn2XQB1Mjr7Cuwh', NULL, NULL, '2020-01-26 19:34:36', '2020-01-26 19:34:36'),
('4p0hjnr16ud66q4q9qf4g2424b', 'hishida1', 'owPWnchZGIAg6T03FExsjQltBKDCbUHM', '2019-12-03 15:35:36', NULL, '2019-12-03 15:35:30', '2019-12-03 15:35:36'),
('4plubuhinc29ldi0vqb935qmg4', 'zemmyo', 'BeIwbiq20D1EltRduFkpaJsP5GSfHo87', '2020-02-05 15:48:26', NULL, '2020-02-05 15:48:16', '2020-02-05 15:48:26'),
('563od4trq1ba2qvsks1rdbert3', 'yamamoto', '0zNiBZYc87TxPOKjCmtry149AqXGenbf', '2020-01-16 16:05:12', NULL, '2020-01-16 16:05:02', '2020-01-16 16:05:12'),
('56ti6u6aunf1a8t4e2gn46dftd', 'hishida1', 'mFc6kYGjrUDPZpTui35hoKqOf8tbxSI1', NULL, '2019-12-03 15:17:40', '2019-12-03 15:16:12', '2019-12-03 15:17:40'),
('57ksnbg09k9s72bm23gagbahq3', NULL, 'ZqmzpxKrfS0Y3hQtbMV9AuLl8vB7U5ge', NULL, NULL, '2020-01-31 01:21:00', '2020-01-31 01:21:00'),
('5848ap40f3d4qdbjrkb9t1nubs', NULL, '3KIJlamFfrXPOUizLHEB4TDju0MsAwN6', NULL, NULL, '2020-01-08 06:27:44', '2020-01-08 06:27:44'),
('5hqpfh72qkpaht87f2cbcrh0at', 'natsu', 'y7VJNT6SjLd2oD3pY1akuIUQ4iMcxvPZ', NULL, '2020-01-24 22:50:04', '2020-01-24 22:49:56', '2020-01-24 22:50:04'),
('5jk0h1hnv4e3065tk94r6dngc5', NULL, 'c7mtOeaB1AQNRukUSK6qMVG8yrXd2T5P', NULL, NULL, '2019-12-06 09:15:33', '2019-12-06 09:15:33'),
('5n5o6cchsql25a9rkonggrmtrc', NULL, 'PEmil7JXUBFxcsoI69HO8QYvMAjDkRTz', NULL, NULL, '2020-01-24 21:12:20', '2020-01-24 21:12:20'),
('5ns7fjkfuqfa97vihqdp63b5a9', 'natsu', 's4PvnxCHhGLlfXNRd0tVkFu6bwWIJOgc', '2020-01-23 04:46:00', NULL, '2020-01-23 04:45:52', '2020-01-23 04:46:00'),
('634h4dh5rmc46h2igrqj8vj1if', 'yamamoto', 'WCTmwHyALJ4eIV8dn1lcDoO0rq7btvZS', '2019-12-11 07:58:04', NULL, '2019-12-11 07:57:59', '2019-12-11 07:58:04'),
('63i3es65mhlusjtp2nmkbls1kj', 'zemmyo', '4ReDXgYpHV9xy3ALNTr6Wks2MdmiZOfh', NULL, '2019-12-14 16:33:37', '2019-12-14 16:33:04', '2019-12-14 16:33:37'),
('649132t92qv7atm92v0sgf3s5c', 'hishida1', 'DK2QTCmS7lX0VxbGE5Opv6zusMhdW43P', NULL, '2019-12-03 15:08:35', '2019-12-03 15:08:30', '2019-12-03 15:08:35'),
('692mo4819vh1h81o3bgts7brr7', 'hishida2', 'GbEJPfDjUcsyumdLgtQSCR9kh8NW5nB7', '2020-01-09 16:23:42', NULL, '2020-01-09 16:23:37', '2020-01-09 16:23:42'),
('6au8mcur14c4qkqbkbl9sm3vl0', 'natsu', 'gzryDNh4R8fiXSPEeMjxKQmpI6w1cv7d', '2020-01-24 22:41:14', NULL, '2020-01-24 22:41:06', '2020-01-24 22:41:14'),
('6il20k6ileuvb0ahirga5qjge0', 'hishida1', 'FDc0pl69ehPNJsQGZ5iIRnL71TC4qjmW', NULL, '2019-12-03 15:32:32', '2019-12-03 15:31:49', '2019-12-03 15:32:32'),
('70eneirlra5f70jqggnuus1jjp', NULL, 'WZBfMpq1VXGcrzikDmYjSK05bTHovh7E', NULL, NULL, '2020-01-31 06:23:50', '2020-01-31 06:23:50'),
('737282b9hv61694e5d680842bi', 'yamamoto1', 'EYnpg7WILVvfZRQCNPcM2oS5HG846lFx', NULL, '2020-01-21 07:41:51', '2020-01-21 07:41:46', '2020-01-21 07:41:51'),
('73hr902t5scv2cdpq9314f1ft7', 'zemmyo', 'EDeuCB2XavRIlN7oMFW59jqTb43d6fxg', '2020-02-05 14:20:03', NULL, '2020-02-05 14:19:48', '2020-02-05 14:20:03'),
('74bcvntnvin454chr3sc8kd529', 'yamamoto', 'lnA6mE5psvo1NP0jkKBCItUfbMLD2hJq', '2019-12-22 15:30:38', NULL, '2019-12-22 15:30:31', '2019-12-22 15:30:38'),
('775j9h2sraqjdnckvjpl4phabg', NULL, 'RfA32LZGni94jdEFy1cQueqVaYCwSD6o', NULL, NULL, '2020-01-26 18:51:41', '2020-01-26 18:51:41'),
('7amlo4oq3ic1d5et14pqv2f9eq', NULL, 'kjaFJhioVNEA1cZYU4PDbr98GgpKWdOl', NULL, NULL, '2019-12-09 04:51:26', '2019-12-09 04:51:26'),
('7hjq57ahlvriov87ih1m5ivovp', 'yamamoto', 'XRuOqEJwgAFDZmMHh74UaNc8kCpbTGVW', '2019-12-29 16:43:00', NULL, '2019-12-29 16:42:52', '2019-12-29 16:43:00'),
('7hph8hhbbl31rialdovle2fb73', 'zemmyo', 'f72Ldr0k1cvoHMUB8GKbIzNlguP4QDEx', '2020-01-24 22:36:47', NULL, '2020-01-24 22:36:37', '2020-01-24 22:36:47'),
('7jmgpc4acl47rrud9uf2p73efh', 'natsu', 'l41ewHIaD3Tf9Ls2ohqcvzxWKBCtdgiN', '2020-01-23 04:58:23', NULL, '2020-01-23 04:58:15', '2020-01-23 04:58:23'),
('81o1k9e9ts3ojf7d65g8uerobe', 'zemmyo', 'l38ujkZTLe9CaWAY0Q2PpvIqVJMyhHif', '2020-01-26 19:39:43', NULL, '2020-01-26 19:39:34', '2020-01-26 19:39:43'),
('8416ji0o0vvliisp1khe79jvbn', NULL, '831POD2lSjqaF5RA7MHknymYIv4bJZtG', NULL, NULL, '2020-01-28 06:11:51', '2020-01-28 06:11:51'),
('89kbhd8qjtd1itdoukuhcbb608', 'natsu', 'r9TklBWxGFUHDRaLnbV108h4fOAPqi5Z', '2020-01-26 19:36:56', NULL, '2020-01-26 19:36:48', '2020-01-26 19:36:56'),
('8d7k9sgbq1589hopschhgnppic', 'hishida1', 'O03glCWS42Ay7vFJPcQfNHmhZLzjXpo6', '2019-12-28 21:30:56', NULL, '2019-12-28 21:30:51', '2019-12-28 21:30:56'),
('8ecgphcgi9g9naqtnaumc7ntf7', NULL, 'HBWmo8ia0gVhvxZ14pcseSkXrP3bdfzE', NULL, NULL, '2020-01-31 06:23:18', '2020-01-31 06:23:18'),
('8o3au0o3n72g1fbdiedm7c31h7', 'yamamoto', 'e4lcoN29TyLJhMPGpfrUiVSsFut85Ind', '2020-01-23 06:22:08', NULL, '2020-01-23 06:22:00', '2020-01-23 06:22:08'),
('8r6to5joch0e9km3ildrh606sk', NULL, 'WTU5y6r9tx4kwz3fQ8duelbvGEI1cJhj', NULL, NULL, '2020-01-23 05:29:53', '2020-01-23 05:29:53'),
('91goa2p9rra9vndo72m8sn8ihg', NULL, 'h1xCzGEoL5s9vUO30HFQNYDMISwKmAy6', NULL, NULL, '2020-01-24 21:26:14', '2020-01-24 21:26:14'),
('938de9hd4euqfu2tnbtvofr58c', 'yamamoto1', '9NoaHKRi0MspyvUmklDu3twdY8nfLr5h', '2019-12-14 16:37:58', NULL, '2019-12-14 16:37:52', '2019-12-14 16:37:58'),
('94au8qs4ukmom78olilgdpc18o', NULL, 'OErMb6wySe8FtiYJxVNuHIzB759jCmPq', NULL, NULL, '2019-12-21 04:26:05', '2019-12-21 04:26:05'),
('96lc4juf4hc10kap31l2snk7pk', 'zemmyo', '8dn7vCI9KUg4Y3WzLbqu2ZD5wJN1FrXO', '2020-02-05 15:09:14', NULL, '2020-02-05 15:09:10', '2020-02-05 15:09:14'),
('9dfcbrd34i06suti2njk7nd4hb', 'yamamoto1', 'zpEsJ3KcnyLdXjoFw9tb0Me2aWGl7S1g', '2020-01-26 19:36:00', NULL, '2020-01-26 19:35:52', '2020-01-26 19:36:00'),
('9hdqu86ioa37dk7ruqpvtgsk03', 'yamamoto', 'tq9N87rGyhbHfWPLoOM5xBRYa2Z6l1iz', '2020-01-15 07:46:07', NULL, '2020-01-15 07:45:58', '2020-01-15 07:46:07'),
('9k140mamahej8ikbn5taorsj17', 'yamamoto1', 'd5WB4bH3kUIzsa8yG6OSDq2JemjoRACr', NULL, '2019-12-24 05:10:17', '2019-12-24 05:10:12', '2019-12-24 05:10:17'),
('9qlkr3845m2i358jrj1ibib7hi', 'hishida2', 'mISM0F4vT76JKtYCUfuEaPcj5qeH9DQW', NULL, '2019-12-03 15:08:46', '2019-12-03 15:08:42', '2019-12-03 15:08:46'),
('a0799rsat8p6v45svf5v85k1sd', 'zemmyo', 'eL3nft7smWSTR8Ego0diVkIyhJNHDlZw', '2020-01-23 06:44:11', NULL, '2020-01-23 06:43:57', '2020-01-23 06:44:11'),
('a3s32le2k5lhidlcpnersppj6p', NULL, 'bmyl0WR5MZdqDi6VczGHsgSf9xFTBQpj', NULL, NULL, '2020-01-31 01:21:07', '2020-01-31 01:21:07'),
('a5vfl0onqqtu8n6kj1airmpcm1', 'hishida1', 'b7HpjrK3UqBcV0D8kTEOi6PvLIfhgXJy', NULL, '2019-12-03 15:10:55', '2019-12-03 15:10:49', '2019-12-03 15:10:55'),
('a6vrv1c6hlduuqfr2lqrgjprnl', 'hishida1', 'ZhfSrQ3510gXbW7TjL9CVkzoMP6nyeKu', '2019-12-03 15:03:03', '2019-12-03 15:01:46', '2019-12-03 05:15:39', '2019-12-03 15:03:03'),
('aa023vcko5tk2pjp7d71m5see5', 'yamamoto1', 'ZsAgqULoMIjSW9vmX5nehrl1NBHawEFi', '2020-01-24 22:40:46', NULL, '2020-01-24 22:40:39', '2020-01-24 22:40:46'),
('aj3cro12q1ailjb8lcl70qq2of', 'hishida2', 'EAJeOTISdp10lo7wg3N2bn8Qj9H6iYxm', '2019-12-11 05:19:06', NULL, '2019-12-11 05:18:59', '2019-12-11 05:19:06'),
('ajqd99q97ejgv9kpshvuvlrnul', NULL, 'CDbVep7T5MtLn2sKz9S3gxaOqEPfoUWA', NULL, NULL, '2020-01-24 21:24:01', '2020-01-24 21:24:01'),
('al2ige3io2an6vijnqoonsj5rm', 'zemmyo', 'p0K3ij75HdXUcybWZ6ehlvGNatqmOLwr', '2020-01-23 05:32:26', NULL, '2020-01-23 05:32:22', '2020-01-23 05:32:26'),
('al5tk0f7in261nk60ip67alc72', 'natsu', 'aG4sDcBA2urOkKjZXn9fexEUC1iHv3Ww', '2019-12-14 16:38:35', NULL, '2019-12-14 16:38:28', '2019-12-14 16:38:35'),
('alp55avt4tmngq92eohg1klqhc', 'yamamoto', 'K6z9lny8GBONm7R5jVu2XxQvkpHD31CU', '2020-01-22 07:14:36', NULL, '2020-01-22 07:14:27', '2020-01-22 07:14:36'),
('ano9dfqgintfmslnmb9dh9i1sl', NULL, 'i8XljcNCqaM7WfDp2rIm03n4x9VJGhBO', NULL, NULL, '2020-01-23 05:26:43', '2020-01-23 05:26:43'),
('aqj9cntk2c904do7ec9vlbmfur', 'yamamoto1', 'Umk0hdM8WplB9FXzacKySifYE6stTerN', '2020-01-23 06:07:01', NULL, '2020-01-23 06:06:57', '2020-01-23 06:07:01'),
('are1esdbmtootnum39o3d8qouk', NULL, 'adjoD4kpF5HMSlc9AyNU3J2ngei8TKZq', NULL, NULL, '2020-01-20 02:35:08', '2020-01-20 02:35:08'),
('bag6oapb7k2elc60dqmt6v61s4', NULL, 'DqlTIsehLFSfkAX1Jcx7NZOoVaH9GrE8', NULL, NULL, '2019-12-03 16:06:05', '2019-12-03 16:06:05'),
('bpbqjp39a4er9teaidrhsdvlr3', 'hishida2', '2y8c7KjhkVYxNMbBarQ9pJHG10CnqWZ5', '2019-12-03 15:02:22', NULL, '2019-12-03 15:00:39', '2019-12-03 15:02:22'),
('bqkrnmlsn3p5h8m4fld3rc5914', 'hishida1', 'XbDfCLt3EqaosnNvHd0Ty6F89W1Api5K', '2019-12-06 14:25:14', NULL, '2019-12-06 14:25:09', '2019-12-06 14:25:14'),
('c1b2f51tf7taaosgalrmrqnrfq', 'zemmyo', 'P7y18DpgtnOR90V4TMBX2wWZmHajsQek', '2020-01-23 04:58:45', NULL, '2020-01-23 04:58:40', '2020-01-23 04:58:45'),
('c9ihvf70jghrq7dnvj86r0tl5k', 'hishida_test', 'Sf2Bxv0ymcD9qaJTdXEZUOQIRYepsgCV', '2020-01-27 20:45:03', NULL, '2020-01-27 20:44:58', '2020-01-27 20:45:03'),
('ca6qf5rvrpt3ib18kfqlvt9q68', 'yamamoto', 'MGtywb0Skx1zVeR734WqL2hJlOQvfsBZ', '2020-01-21 07:43:01', NULL, '2020-01-21 07:42:56', '2020-01-21 07:43:01'),
('clfm0gv5i8ks0kvt9lol02jncq', 'yamamoto1', 'I7u3JoF2Ph5z9OqYeTKfHRtGByS1ZXs0', '2020-02-04 15:12:34', NULL, '2020-02-04 15:12:28', '2020-02-04 15:12:34'),
('cmmcio0kncmpu5ddl3e560qh1o', NULL, 'bIaF2K8MQWtVzONB15eE4nqfkCwj3AmJ', NULL, NULL, '2020-01-26 18:51:13', '2020-01-26 18:51:13'),
('cs9e95ff48m9u9lf5llaqognde', NULL, 'HrmeCwlvcOk4zX3ITopVGYU6RDPAK9Fb', NULL, NULL, '2020-01-24 21:26:25', '2020-01-24 21:26:25'),
('csbhs200irbapoebudfdh8ton3', NULL, 'JBi3fMkUj8yQaqAR4WHEpVdnrGZcY2oP', NULL, NULL, '2019-12-10 14:35:16', '2019-12-10 14:35:16'),
('d78tk8bg072tpgfbnlq0er6bik', 'natsu', '2wUIhJEqdTcK0mBSVDvRF7yl9nAj1au6', '2020-02-05 14:27:31', NULL, '2020-02-05 14:27:22', '2020-02-05 14:27:31'),
('dbp173r55i54c5ppu3e6mscmr8', 'hishida1', 'etn2TcsModC0XvAEjamQrpVkLlzy1GuI', '2019-12-15 17:11:02', NULL, '2019-12-15 17:10:58', '2019-12-15 17:11:02'),
('dkr09l30qo4qo5nireossep4ue', 'hishida_test', 'YoRA45Oxkiw7IpcuvhP8B6ZDJHVr0Gz9', '2020-02-03 04:39:54', NULL, '2020-02-03 04:39:48', '2020-02-03 04:39:54'),
('dm8j0e0lo52rp3kopaqsct55fc', NULL, 'a6s40j59iu728V1BWrQLeZmRKvO3qbTH', NULL, NULL, '2020-02-03 03:35:22', '2020-02-03 03:35:22'),
('dnkr6l1lmh71ub066lbam6i9k2', 'hishida1', 'kSnsLGR0Ti7rFxZMHtqAXQI1hj2c4WgY', '2020-01-11 00:22:42', NULL, '2020-01-11 00:22:34', '2020-01-11 00:22:42'),
('dpniv5v5790kr13uqvrsiotslh', 'yamamoto1', '0L2vxhbwdis73auWCtVgR1zSEUXQ6DH5', '2020-01-23 05:02:11', NULL, '2020-01-23 05:01:56', '2020-01-23 05:02:11'),
('dpt40bq004hcoeevr8s6svjpos', 'yamamoto', 'MnwWE46Fuqs3mYLXhx7kdbvfJRyKUoSc', '2020-01-09 05:11:43', NULL, '2020-01-09 05:11:33', '2020-01-09 05:11:43'),
('ebg35ljtpv0dpffbh89dulefld', NULL, 'JwK9d23nbmlfgENiVQMF1kO0pWCrUGju', NULL, NULL, '2020-02-03 03:35:27', '2020-02-03 03:35:27'),
('elh3s0tucb81vd4156sm7j9cbo', 'hishida1', 'zK3GDpHlJZIbwjW6i2dkPLotEaBvS85O', NULL, '2019-12-03 15:42:11', '2019-12-03 15:42:07', '2019-12-03 15:42:11'),
('emua7aoc1o9isu0s7qt6b8810u', 'hishida1', 'idNucl98ZMHRCsJE6Vejmhgzv7pIw5YX', '2019-12-09 05:49:49', NULL, '2019-12-09 05:49:43', '2019-12-09 05:49:49'),
('f4ej3ufvbsv0neblac64h15dc8', NULL, 'hfT6tby1gL0Z9rHKu4zQxYVsdRB8POJS', NULL, NULL, '2020-01-24 21:12:47', '2020-01-24 21:12:47'),
('fevldvmu6355trhltoenk9p593', NULL, 'wypAukqihtZPm10QjDOGB4YocxgUHlnT', NULL, NULL, '2020-01-24 21:24:08', '2020-01-24 21:24:08'),
('fhhsf2n6nldpoo36mqpbco3nd0', NULL, '2qPs7my0bKBrL9MFgixOEpunkldATfjN', NULL, NULL, '2020-01-24 21:11:51', '2020-01-24 21:11:51'),
('fn6ndvfmvulbr5amjb4mcml4t1', 'hishida1', 'HQ4VpWwgrqAJ6LvzXh2GYFCtPS0Damlx', '2020-01-10 16:13:00', NULL, '2020-01-10 16:12:55', '2020-01-10 16:13:00'),
('fre2thjf9qo1gadjrrjvn7t2g0', 'zemmyo', 'OGCwV2PlXaRFJztM9jA0isgN3S8yEK7p', '2019-12-14 16:43:26', NULL, '2019-12-14 16:43:21', '2019-12-14 16:43:26'),
('g21ot6ftovvfppi51r8vq5po64', NULL, 'dzYkG24qQrX5yUmwlvgj7eCuZS0haJ1i', NULL, NULL, '2020-01-26 18:51:04', '2020-01-26 18:51:04'),
('g4qfrmhc48g4e8141mpq06770m', 'yamamoto1', 'rqhUdWp4LQi5OcC01SFXaIHnlKtoJfjm', '2020-01-23 04:50:19', NULL, '2020-01-23 04:50:09', '2020-01-23 04:50:19'),
('g4qmt4d0vv0acgj76sb5e4e589', 'natsu', '4exYVFCO0zDNlh7MmWv9Zk1QAH6oyBiS', '2019-12-14 15:47:25', NULL, '2019-12-14 15:47:11', '2019-12-14 15:47:25'),
('g5udb6i56hn5fbq0v25dvm42eq', 'yamamoto1', 'EAimshlU94xnTCWN8zbroLRYcupKt2gJ', NULL, '2020-01-23 05:29:46', '2020-01-23 05:29:09', '2020-01-23 05:29:46'),
('g76nulpip99fpa3tf60mtbgt9r', 'natsu', 'PmcWn8d2eIioTfxg3HGazYEjbKMO7rvA', '2020-02-05 14:46:11', NULL, '2020-02-05 14:46:05', '2020-02-05 14:46:11'),
('g83q0e6v4ip5t0ccq4t0iqc24b', 'natsu', 'Bnw8yfAQeO3DgxCis5RMY9TJdNzXvWFL', '2020-01-23 05:30:51', NULL, '2020-01-23 05:30:44', '2020-01-23 05:30:51'),
('g9dd739opeeiapg64e3u0r74ct', 'yamamoto', 'LJfgA9ksXec1N6ujwaPFmQv425OKBMhE', '2019-12-11 15:05:22', NULL, '2019-12-11 15:05:16', '2019-12-11 15:05:22'),
('ghviijgh3pi47q0p06jk8guamm', 'hishida2', 'b2itFel8ZXJADQcufdC19vKLOGgYm4wn', '2019-12-11 15:08:04', NULL, '2019-12-11 15:07:58', '2019-12-11 15:08:04'),
('gjobsssuus7ongn8qrng03ha34', 'yamamoto1', 'KrYVIAMDopW60TJGxU1tskPBcydqHNiZ', '2020-01-21 07:42:04', NULL, '2020-01-21 07:41:53', '2020-01-21 07:42:04'),
('gkhuqedoke3f39j4j2prvhksnh', NULL, 'dUPBjFerHDSlNGaQ0s1XqbwREhgx5CVn', NULL, NULL, '2020-01-24 22:35:26', '2020-01-24 22:35:26'),
('go72usefjvmc3albdiotr36mhi', 'hishida1', '9GxpyojFD1fvVgMZAalNLc7m48I5euE0', '2019-12-06 09:15:41', NULL, '2019-12-06 09:15:37', '2019-12-06 09:15:41'),
('gucg2nkbglbj6vqm0s5l45jlv1', 'natsu', 'lYxrfM5B7OudTv6S2L4RDPpAbZ8s0Fhg', '2020-01-23 06:37:01', NULL, '2020-01-23 06:36:52', '2020-01-23 06:37:01'),
('h7lhlvbn0j2bntqkr41niue4oo', 'hishida1', 'kYTxO2z0ZtgWHwKvuXjQN53R7esB49Pl', NULL, '2019-12-03 15:18:44', '2019-12-03 15:18:39', '2019-12-03 15:18:44'),
('hb01njmlfoneq8tvl3a3h9i8lo', 'hishida1', 'EHVW97n5RAoBgUItvzLwdmca6yMYFjGr', '2020-01-21 17:05:31', NULL, '2020-01-21 17:05:27', '2020-01-21 17:05:31'),
('he7bv5j3k5o0cjhoc74ah21ma6', NULL, 'DhT2wvIQecHyClY5onOXg4jRL8sZNUdM', NULL, NULL, '2020-02-03 03:35:31', '2020-02-03 03:35:31'),
('hj2f5vh9q6psgd72psldgi4nln', NULL, 'yxZsjm3L5CO1wUqi8eAdkbTRFQGon9JN', NULL, NULL, '2020-01-26 19:34:42', '2020-01-26 19:34:42'),
('hk7n11nd0dhtr9hh44eqinvs6i', 'zemmyo', 'gVGYFv018lDc6Nd42sptuH3Um7yATEi5', '2019-12-14 15:43:58', NULL, '2019-12-14 15:43:24', '2019-12-14 15:43:58'),
('hm9j7f3hc20dbkshs1db0cjm5o', 'hishida1', 'zZVILmnDkP3QYHXExGONyUfou6KM7w0B', '2019-12-09 02:14:00', NULL, '2019-12-09 02:13:53', '2019-12-09 02:14:00'),
('hnf2vr032ltpve41h3nkl0dkd7', 'hishida1', 'kdXeLsiyj3QM68hSoPOTDVGR7U0Nur5z', '2020-01-27 20:20:10', NULL, '2020-01-27 20:20:05', '2020-01-27 20:20:10'),
('i1gmr6braj93tobqmj301ts4k1', 'zemmyo', 'mXYpNFA7uM83ncgsk9BHWvqjOCrbL5TP', NULL, '2020-02-05 14:43:37', '2020-02-05 14:43:33', '2020-02-05 14:43:37'),
('ianc5ile3pi2ostetgpblei319', 'yamamoto1', 'bM2HPsFOWyGnDLo3aQrS14emYE09NtAR', '2020-01-26 19:40:50', NULL, '2020-01-26 19:40:40', '2020-01-26 19:40:50'),
('icf228sja0c8aan7pjcj0uqrjj', NULL, 'hxLqXivjgNSHT6Mda90mZrwb5RnfoFcB', NULL, NULL, '2019-12-03 18:10:45', '2019-12-03 18:10:45'),
('ie5iq3fvnpuf22o4h151elgek1', NULL, '7IzFNdQmjDtunAbygkV3SYcJix8Pv9hB', NULL, NULL, '2020-01-31 06:23:52', '2020-01-31 06:23:52'),
('ifi73qvs5e1l3hs0s2v86dth91', NULL, 'l6er3y7XjUkniQbWM8vagGuCwfHF9xq4', NULL, NULL, '2020-01-19 00:01:19', '2020-01-19 00:01:19'),
('igit25hme3u8sg1i32vank6i92', 'hishida1', 'LzwHCZonUjt5F12XphEY0qm87ikIgPDd', NULL, '2019-12-03 15:36:54', '2019-12-03 15:36:45', '2019-12-03 15:36:54'),
('it3g2jp6hoip3hcglg1qejtnob', 'yamamoto', 'ejxyLQVGi0XoBdq1rHWnv2Ubl7TkASRa', '2019-12-22 11:14:56', NULL, '2019-12-22 11:14:51', '2019-12-22 11:14:56'),
('j20pql13i4idb7lhm9r4q9tg47', 'hishida_test', '2ZSEebYpm0IMyJFWurjn9hQLgKsG5RiA', '2020-02-03 20:48:11', NULL, '2020-02-03 20:48:07', '2020-02-03 20:48:11'),
('j2muposr7vbmp6o2kghv1j0lgq', NULL, 'MZtF6RkbNSX2uKpEHWQylmcTiGrsovOV', NULL, NULL, '2020-01-24 21:26:31', '2020-01-24 21:26:31'),
('jfqnoki92f0q0hfcts7a9aa3eh', NULL, 'lVm9sSU1ftZFubvcnqNHOxa4LAd3PhIy', NULL, NULL, '2019-12-10 14:36:37', '2019-12-10 14:36:37'),
('joffsha6i4oh3nk2niqptqnh63', 'natsu', 'h9IGfBjrX27F3NZk6pyJsaiSTVL4nwmP', '2020-01-24 22:40:10', NULL, '2020-01-24 22:40:01', '2020-01-24 22:40:10'),
('jrbjc2jicei9a2ttsuo4o1lqs6', 'zemmyo', 'NwLBSEhj8FaPz5IKivXrTWU3ApQtlC7c', '2020-02-05 14:42:46', NULL, '2020-02-05 14:42:38', '2020-02-05 14:42:46'),
('jsi0qavjiq9p3up72qv0680i9o', 'yamamoto', 'FPLDmOxngpEXCHkl0NYjwVURyaJozsWK', '2020-01-09 16:36:42', NULL, '2020-01-09 16:36:37', '2020-01-09 16:36:42'),
('k52eqo17pr7e8jim5sc3jlu9lg', 'zemmyo', 'mSFrPC61cDAo9gxsJubHZIGkylEBv740', '2020-01-24 22:43:11', NULL, '2020-01-24 22:43:04', '2020-01-24 22:43:11'),
('k9d5jcs6qdddtsv4lt9aoki5om', 'zemmyo', '67zfOIKqaQjvCrwkSAcV2Z18TPnsexRL', '2020-02-05 14:43:51', NULL, '2020-02-05 14:43:46', '2020-02-05 14:43:51'),
('k9u3kato0e4i8b06sku9pkm09n', NULL, 'uUqvFaWhNxrALRP6sOel2b4DtfQIyYp9', NULL, NULL, '2020-01-24 22:35:20', '2020-01-24 22:35:20'),
('kg04q10fi6gtmlsiqjfef8q59i', 'hishida1', 'G0W3Zl2NujmVXrkIfTBovbwPiSg7JtAL', '2020-01-22 06:37:59', NULL, '2020-01-22 06:37:55', '2020-01-22 06:37:59'),
('lhlmuorif0u0nj4tfjruqe8p25', NULL, 'XlB1Vy8rMICdYU7TNDEkxGqwiAHpo0Qv', NULL, NULL, '2020-01-28 06:11:28', '2020-01-28 06:11:28'),
('lkp9150ilm3ghivegvgsabf0vb', NULL, 'l0WaXN2LRnbO8FUKcdG6pEQomPrfzJkw', NULL, NULL, '2020-01-24 21:26:08', '2020-01-24 21:26:08'),
('lnk8ktk7hvuktledtqggtqmf02', 'hishida1', 'l60P8icZ5NvYjLXCzhdkW9mBU3SQgpqe', '2020-01-19 00:01:33', NULL, '2020-01-19 00:01:28', '2020-01-19 00:01:33'),
('lpadqa33j2q21i7h15rsf3lpk6', 'hishida_test', 'dXWzKlSMagopHmc3Y17hs62xZV5Dk9OG', NULL, '2020-01-27 20:44:51', '2020-01-27 20:44:45', '2020-01-27 20:44:51'),
('lplet3qm7lgkqfp3re6cv6lhlk', 'hishida1', 'JEM5mq7cFsBwdhArT8vDeNkPC1VHjQYg', NULL, '2019-12-03 15:22:31', '2019-12-03 15:22:27', '2019-12-03 15:22:31'),
('lug2g4bddcv4vmvrrke6ck92p2', 'hishida1', '70AusnGvfThYmwXx3jO1dJPFDHzlQBgI', NULL, '2019-12-03 15:10:44', '2019-12-03 15:10:38', '2019-12-03 15:10:44'),
('mgvlpmf721g90nr3pef7bjfvhh', 'yamamoto1', 'QqFI7Z3JSTgNorzhdpMXnw6a5ekGiWvs', '2020-01-26 18:52:01', NULL, '2020-01-26 18:51:48', '2020-01-26 18:52:01'),
('mj6npun3dcl6i82ef00v4g7ct5', 'natsu', 'oJIQcFn9dURT61tVvXbKqCzGspykl503', NULL, '2019-12-14 15:46:50', '2019-12-14 15:46:43', '2019-12-14 15:46:50'),
('mrdd35m7u370upcjgmothchhgt', 'hishida1', 'sr8PUlLihcFmkaRDnbASVgEXu0YqKI2t', '2019-12-06 09:21:52', NULL, '2019-12-06 09:21:47', '2019-12-06 09:21:52'),
('mupd79d5strmc762r7lllqufe5', 'natsu', 'YDSHWpdgEycLbO5CaIZMJlGqFQmtvuhB', '2019-12-14 16:31:52', NULL, '2019-12-14 16:31:29', '2019-12-14 16:31:52'),
('n2eb05r14dk0o6itk47s8l62ep', 'natsu', 'Uzj65k2bTEK8Nci1R4O0LsDYWXBJuVCg', '2020-01-09 16:40:49', NULL, '2020-01-09 16:40:42', '2020-01-09 16:40:49'),
('n38la7hmidp6o0mhvv410skt3h', NULL, 'ojxtpJGSu1ymIEdgqiP7ARZnHVQK9vsX', NULL, NULL, '2020-01-24 22:34:56', '2020-01-24 22:34:56'),
('n5h2jtb6oktcq02i0rlkd0fo8v', NULL, 'EnS9cRYpqIkfPzbWGUMC6xJe1KjV03LH', NULL, NULL, '2019-12-03 18:10:43', '2019-12-03 18:10:43'),
('n7g0fo4lqdsji83c4mahoc5814', 'yamamoto', 'USKAXfJW2InY0Zr5qCgh4PGb7ylaxNRu', '2019-12-10 15:23:01', NULL, '2019-12-10 15:22:50', '2019-12-10 15:23:01'),
('nh4b8kstqn9i37016nmoch24bf', 'yamamoto1', 'pHd8xv7FMzyETWNqkwsLu2QrIitebj5J', '2019-12-14 15:59:20', NULL, '2019-12-14 15:58:45', '2019-12-14 15:59:20'),
('nhp77beokdgv77kkn2k0k2j9fc', 'hishida_test', '1NeFvnaSb5YsQLx2K6VkpDHoThmEItOc', '2020-01-21 16:30:07', NULL, '2020-01-21 16:29:59', '2020-01-21 16:30:07'),
('nl3ccjem49nj8kkplfv93nre1s', 'zemmyo', 'H6lSh4jmsxvqYtT308PKMfcWIFJCnzGu', '2019-12-14 15:41:47', NULL, '2019-12-14 15:41:38', '2019-12-14 15:41:47'),
('no900o5vmkck2l596uapa6fvf7', 'yamamoto1', 'BDgm73VvYuNHGIRpq65s8tc4MALrTae2', '2020-01-24 22:41:45', NULL, '2020-01-24 22:41:36', '2020-01-24 22:41:45'),
('ns39gj94an4qkvdim3pg3li03r', 'natsu', 'SuakAnpJIhMRK2qvo7fsP1ZULzTbF6Bx', NULL, '2019-12-14 16:31:25', '2019-12-14 16:31:17', '2019-12-14 16:31:25'),
('o0fn58akvbukens361t8mg8051', 'yamamoto', 'wIWSmNkbxAa78KOGLJpDutir29Mz0gyR', NULL, '2020-01-21 16:31:57', '2020-01-21 16:31:49', '2020-01-21 16:31:57'),
('o1li25h9p71c1pbabmronj12lr', NULL, 'ZDCf1NkayTrL3jgsptSJ0wMqW4VQK52R', NULL, NULL, '2019-12-03 16:02:04', '2019-12-03 16:02:04'),
('oflffvnsk1hjmcfslgsc1omjcr', NULL, '63ujZqVbPEHrnWkIvyK8DdUh59CBeLFJ', NULL, NULL, '2020-01-20 02:32:27', '2020-01-20 02:32:27'),
('ojve13kcf8b04q1qblhd2d06uo', NULL, 'ek1AaWNYdbC6lLOvIZn2rz0XEc4mxK9u', NULL, NULL, '2020-01-21 16:28:40', '2020-01-21 16:28:40'),
('oqmm2v38oju75bc4ido192fi9i', 'hishida2', 'oH5XwLueB4nvIkdmyUGaf0Erts8R9OqA', NULL, '2020-01-09 16:23:22', '2020-01-09 16:23:07', '2020-01-09 16:23:22'),
('orlglh36emvqk08di165765mb8', 'hishida1', '1l7j0hJ6pL5YIAiRxfMNSz4ZEBVmO3gk', '2020-01-11 15:06:38', NULL, '2020-01-11 15:06:34', '2020-01-11 15:06:38'),
('p3sfqshs2aoj531ogelfao43p4', 'yamamoto', 'E14HLAwmU7P2RDNZvSThQr0xsdBugyn3', '2020-01-15 07:45:23', NULL, '2020-01-15 07:45:18', '2020-01-15 07:45:23'),
('p9em2l3bvdse91l2ai8cmv04j4', NULL, '5R3Zs6gPaV8JFet90bpoj2TvIBWxqKcr', NULL, NULL, '2020-01-31 01:18:38', '2020-01-31 01:18:38'),
('p9s28j3guumdn1q24ishs47753', 'yamamoto', 'ViwbmWP5xodkN9r8ynYvRSzpqQH0ahCA', '2020-01-21 16:32:14', NULL, '2020-01-21 16:31:59', '2020-01-21 16:32:14'),
('pgh4qmbsups7shnr89fl72n3s0', NULL, 'BwUVm6qS7uYNkIFCr5xGylf3gz9cPM1h', NULL, NULL, '2020-01-24 21:09:39', '2020-01-24 21:09:39'),
('ph67lv1krsuctj0conjp41ffok', 'hishida1', 'QH97ilhBejJqLC6T18ZbVmdnGArFgMP2', '2020-01-09 16:17:59', NULL, '2020-01-09 16:17:54', '2020-01-09 16:17:59'),
('pjrtu4h3bjjqfi9cnoqb00anq7', 'yamamoto1', 'y0ATYvuwh1BE9zSPmRVOGDpIctMXFobk', '2020-01-24 22:35:51', NULL, '2020-01-24 22:35:43', '2020-01-24 22:35:51'),
('pkpr92n6j13bika74kc69ogic9', 'hishida1', 'Pbl8hmxWnk3KSBa12o9LpsZMIiQRrv5j', NULL, '2019-12-03 15:46:39', '2019-12-03 15:46:34', '2019-12-03 15:46:39'),
('pmvk3ddr9s9m6c6aq1jkkqu4ds', 'hishida1', 'WsbED1znAQKHN05ByS7XPpLuTcw2Go3k', '2019-12-03 16:02:17', NULL, '2019-12-03 16:02:09', '2019-12-03 16:02:17'),
('pnbfe682j1kmebghfqoe3mfgq4', NULL, 'wMcvQ57VPF9CAyNH86GjKDIsn3gdXUWa', NULL, NULL, '2020-01-24 22:34:50', '2020-01-24 22:34:50'),
('pobqemcci4790630o2kscb7a4k', 'hishida1', 'QBNC6ZhlxTF5noq9cDpIdOt3vyr4AzkP', '2019-12-03 18:11:30', NULL, '2019-12-03 18:10:58', '2019-12-03 18:11:30'),
('ptbtdam37ckpskmop4r06rlbi2', NULL, 'Xbe8mjHYM7tN6FiTVKncBoDfW90xrSRs', NULL, NULL, '2020-01-20 05:50:32', '2020-01-20 05:50:32'),
('qbdqdu5bmkgph91qaaqq2fstpt', 'hishida1', 'as4vzcIJdQmDhoy7iUwq0uLgrZ6TRxjY', '2020-01-20 02:38:58', NULL, '2020-01-20 02:38:42', '2020-01-20 02:38:58'),
('qd9upop70k3ckk6tud0u25up4v', 'hishida_test', 'uOnrZlb5Xyk7BejgpY3GExiN1oQTKVRa', '2020-01-22 05:06:15', NULL, '2020-01-22 05:06:10', '2020-01-22 05:06:15'),
('qgrjal66pooier5oik6abd87vk', 'yamamoto1', '0eOd6f7oQH2VWbnyaBzj3LvlkpJRhAYF', '2019-12-14 16:50:06', NULL, '2019-12-14 16:50:00', '2019-12-14 16:50:06'),
('qj1065qu7okcb1lef0v23i06qj', 'hishida1', 'djFvPEyDBis39LfUq8kHl7nGexJ5tVNZ', '2020-01-09 15:16:57', NULL, '2020-01-09 15:16:52', '2020-01-09 15:16:57'),
('qmvidb0bcct7btpu8ggmer0t7s', 'natsu', 'L0ZTqs1pc4tu3zJAgUwnRvj8MKkCFEQi', '2020-02-05 15:13:51', NULL, '2020-02-05 15:13:45', '2020-02-05 15:13:51'),
('qoitt3u9m74u1q11p8cirnhhjj', 'natsu', '0S6QjyZHL8YcKkUOs3NMCxhg5ApJfuWB', '2019-12-14 16:49:29', NULL, '2019-12-14 16:49:24', '2019-12-14 16:49:29'),
('qqsosr7t5cq2ipl2i944pr5lkc', NULL, 'PVJqgvoczKLwnp9Y4j0QH87Gtd3BWFfU', NULL, NULL, '2020-02-03 03:35:42', '2020-02-03 03:35:42'),
('r1vqlmgsd1ucsafoomo39qb6gc', 'natsu', 'xfXrlntIckAzijUC356Kw8MdymNGuBe2', '2020-01-23 05:24:37', NULL, '2020-01-23 05:24:32', '2020-01-23 05:24:37'),
('rb6tk4d9trb45jn09e1n1cq4q5', 'hishida1', 'rUlVRBshZMXoWfCIgkFmK86d5NGa29yu', '2021-03-26 07:34:41', NULL, '2021-03-26 07:34:35', '2021-03-26 07:34:41'),
('ri5o0gvmra27i91mi9cl1oe85k', 'hishida1', 'LzRSlVgZ3AskBW01pudaHGXYw76DCePx', NULL, '2019-12-03 15:17:48', '2019-12-03 15:17:43', '2019-12-03 15:17:48'),
('rj0jjh3upn4nlb444nfvkoe335', 'hishida1', 'Wrl5SCep2NRo3cHyEbXfjn6MzsQKBVim', '2020-01-31 00:33:54', NULL, '2020-01-31 00:33:49', '2020-01-31 00:33:54'),
('rj4achgns2hvamgbpfn9tu90bl', 'hishida1430', 'UAQRnvGkFT0sdPBibqwflrVEMSza7LY5', '2020-02-03 03:11:42', NULL, '2020-02-03 03:11:05', '2020-02-03 03:11:42'),
('rjgftghv12p37b620tk7nhggkq', 'hishida1430', 'OB8EnRbHPf7sCKvxuzZ0lJ6kS3XIGcra', '2020-02-03 03:16:29', NULL, '2020-02-03 03:16:19', '2020-02-03 03:16:29'),
('rnn9p96nsv7g7p066bvta3u6np', NULL, 'zbVAlm972XFDeq4xEvuoKB1CORiZnSdh', NULL, NULL, '2019-12-10 14:40:09', '2019-12-10 14:40:09'),
('rtupr1orf2pmis22opt3em148g', 'hishida1', 'IgO5mkPnVN2jQbolMt4Yxw6J8uTedv9c', '2019-12-19 01:20:55', NULL, '2019-12-19 01:20:51', '2019-12-19 01:20:55'),
('ru55gv8q0vfvp3vsqkb423di3g', 'hishida1', 'Vdp7HuiLDkFXjNx1Is3b2MWtOfA8g9aU', '2020-01-09 03:50:18', NULL, '2020-01-09 03:50:14', '2020-01-09 03:50:18'),
('ru5e3t4jj5bfcsmloor962bk8m', 'yamamoto1', 'LDb5TxXWqYlOEHjdIocr8iVpgZMkK3yu', '2020-01-24 22:47:38', NULL, '2020-01-24 22:47:29', '2020-01-24 22:47:38'),
('s1amssrh0g4ul23b25mgevd4u3', NULL, 'pfrhs6AgH5Ko1dRSiq7bytke0wmEx8I4', NULL, NULL, '2019-12-18 07:22:22', '2019-12-18 07:22:22'),
('shamr27urja4bhded5p1385viq', 'natsu', '3c5pieqDk9LuUOsAFy7ghMYfVImxvdC6', '2020-01-26 19:35:21', NULL, '2020-01-26 19:35:13', '2020-01-26 19:35:21'),
('shjgkktgp1jm0ie4o6k5grjjiv', 'yamamoto', '40GVtLngJ8MqIWmjecl7daQiBDf3HwZU', '2019-12-14 15:45:40', NULL, '2019-12-14 15:45:28', '2019-12-14 15:45:40'),
('sln82qht9gdjgha8i8pqbudko3', 'yamamoto', 'TMxAHbheBCsE2rIquoVkiDfwJ5L1pOSn', '2019-12-10 14:39:35', NULL, '2019-12-10 14:39:30', '2019-12-10 14:39:35'),
('so4rp7lqq91vgbd56aplr684j5', NULL, 'FLMawns84mTcEopRJvdqfKih6xG21HkC', NULL, NULL, '2020-01-21 16:13:54', '2020-01-21 16:13:54'),
('sso7fnbgv43ulu0h9t1gmt7qp8', 'zemmyo', 'oVNGn5UlZ1mSL0vWj9wEehzigCXauAKy', '2019-12-14 16:22:12', NULL, '2019-12-14 16:22:05', '2019-12-14 16:22:12'),
('sur7qc5euqbgs30uusaja8nahf', 'natsu', 'ob1AvQUDTIHft3F45jeYMG2yuWOxcCJg', '2020-01-24 22:50:19', NULL, '2020-01-24 22:50:10', '2020-01-24 22:50:19'),
('t6bph9ufmjbv6f4far0mf6p0p6', 'natsu', 'dMImltNaS0HL2JBXRoxFbPnp7WKwcjq5', '2020-01-15 07:45:48', NULL, '2020-01-15 07:45:43', '2020-01-15 07:45:48'),
('tpesguev1s4gq1ga1ne7kcbpmh', 'yamamoto1', 't48eyAPBJYFNqaOHSslKLjV9o5iM7wmr', '2020-01-23 06:22:35', NULL, '2020-01-23 06:22:26', '2020-01-23 06:22:35'),
('tprm20va9d6qnrm1ufih7vtajj', 'yamamoto', 'gJYBFvxVyuiSRc12zl3HrXG9awtMfd8b', '2019-12-22 15:31:34', NULL, '2019-12-22 15:31:29', '2019-12-22 15:31:34'),
('tqulrohqmdom4h8ehgao4juhqa', NULL, 'ytT5UduIXb8MnWLqHN2PRFhoSOfsg6ie', NULL, NULL, '2019-12-03 16:01:46', '2019-12-03 16:01:46'),
('treo4ecv6jqpp8evjik65ekcq5', NULL, 'oVYIsxQeRuAEXFd9awLK1UvJTH4it20P', NULL, NULL, '2020-01-24 21:12:26', '2020-01-24 21:12:26'),
('tvre6kifhgtv36tts24s78hb51', NULL, 'ut9qlZ7dibye3khQFW4pBVoRXSsaT5ML', NULL, NULL, '2020-01-24 21:11:57', '2020-01-24 21:11:57'),
('u1d850m9hbhmrlutouvr96ca2g', 'yamamoto1', 'oqTFja9GizQrI6ZcMtX871NhWvsUYLex', '2020-01-24 22:37:52', NULL, '2020-01-24 22:37:41', '2020-01-24 22:37:52'),
('ubvhd8u7ckrd86audfn85eaedc', 'yamamoto', 'dTfIVBotvnHUrWC0My8bYNGjzZPQk294', '2019-12-10 15:51:23', NULL, '2019-12-10 15:51:17', '2019-12-10 15:51:23'),
('ubvidntro31pujod9gqt0r9a4a', 'yamamoto1', 'y0FRjTvBO9qXpczZiueMKkAGlmWob8Hd', '2019-12-14 15:49:01', NULL, '2019-12-14 15:48:54', '2019-12-14 15:49:01'),
('uc5gtu2962k77d2o6gmudacrmg', 'hishida1', 'Oy5tZvirNAbGaEB84PljDRmSIFHXu3YW', '2019-12-10 14:48:50', NULL, '2019-12-10 14:48:45', '2019-12-10 14:48:50'),
('umjguv9eq3p4nbmndaqa986hfm', NULL, 'OX162zITLHJVjSqemtyGv5KBFDnZYcxa', NULL, NULL, '2020-01-24 21:09:26', '2020-01-24 21:09:26'),
('v1vg1ih9o97fgdsrivqesdqttp', 'hishida1', 'nr9WRuFEgCajMVK2w65fiAmTJ8YZHUQe', NULL, '2019-12-03 15:44:03', '2019-12-03 15:43:59', '2019-12-03 15:44:03'),
('v2hvfiqf4fpno679edi9465gom', 'hishida1', '8lbj0yKonqfmw2u3SadXCJtEhUZ61FD5', '2019-12-03 16:01:42', NULL, '2019-12-03 16:01:34', '2019-12-03 16:01:42'),
('v3lh9ptfimpanqrjnio721lkje', 'zemmyo', 'IBEa1dGDqUnRF9Ymb5iSzjy3euhkrKZP', NULL, '2019-12-14 16:33:01', '2019-12-14 16:32:53', '2019-12-14 16:33:01'),
('v7422df5foflbrqb6hteie0c69', 'zemmyo', 'o2CXkr4pDcvqymbIWQwdsBzYT8SitfaF', '2019-12-14 16:38:56', NULL, '2019-12-14 16:38:51', '2019-12-14 16:38:56'),
('vjrcdhd7471f8dk1qh9aqdqshu', NULL, 'eKQ9awcXtOxhjNm6uiU87YZlEfVRbqPB', NULL, NULL, '2020-01-24 21:12:41', '2020-01-24 21:12:41'),
('vnb5vjj5mu5f2n6f8hhl6537n0', NULL, 'MhjPLnplFu0VA5ykRf3st7BWorIGUa1K', NULL, NULL, '2020-01-28 06:11:34', '2020-01-28 06:11:34'),
('vv8h1tevlgqc2epkfdmgaqcup6', NULL, '3SVQDnokJMEj1bdIclhZN6CUR0uvHqy9', NULL, NULL, '2020-01-24 21:09:18', '2020-01-24 21:09:18');

-- --------------------------------------------------------

--
-- テーブルの構造 `users_share_posts`
--

CREATE TABLE `users_share_posts` (
  `repost_user_id` varchar(32) NOT NULL,
  `origin_post_id` bigint(11) NOT NULL,
  `is_deleted` tinyint(1) NOT NULL,
  `created_at` timestamp NOT NULL DEFAULT current_timestamp(),
  `updated_at` timestamp NOT NULL DEFAULT current_timestamp() ON UPDATE current_timestamp()
) ENGINE=InnoDB DEFAULT CHARSET=utf8;

--
-- テーブルのデータのダンプ `users_share_posts`
--

INSERT INTO `users_share_posts` (`repost_user_id`, `origin_post_id`, `is_deleted`, `created_at`, `updated_at`) VALUES
('hishida1', 44, 0, '2020-01-22 06:50:03', '2020-01-22 06:50:03'),
('hishida1', 269, 0, '2020-01-22 06:38:05', '2020-01-22 06:38:05'),
('hishida1', 273, 0, '2020-01-22 08:19:58', '2020-01-22 08:19:58'),
('hishida1', 275, 0, '2020-01-21 07:38:57', '2020-01-23 01:17:42'),
('hishida1', 276, 0, '2020-01-21 07:38:57', '2020-01-22 06:46:10'),
('hishida1', 277, 1, '2020-01-21 07:38:55', '2020-01-22 06:45:56'),
('hishida1', 278, 0, '2020-01-21 07:38:54', '2020-01-21 07:38:54'),
('hishida1', 279, 0, '2020-01-21 07:29:17', '2020-01-21 07:29:17'),
('hishida1', 280, 0, '2020-01-21 07:30:22', '2020-01-21 07:39:01'),
('hishida1', 281, 0, '2020-01-22 07:10:35', '2020-01-22 07:10:35'),
('hishida1', 282, 1, '2020-01-23 01:17:26', '2020-01-23 15:43:50'),
('hishida1', 375, 0, '2020-01-27 09:05:41', '2020-01-27 09:05:41'),
('hishida_test', 269, 0, '2020-01-24 01:14:38', '2020-01-24 01:14:38'),
('hishida_test', 282, 0, '2020-01-23 15:49:22', '2020-01-23 15:49:22'),
('hishida_test', 284, 0, '2020-01-24 02:22:12', '2020-01-24 02:30:28'),
('hishida_test', 330, 0, '2020-01-27 18:58:54', '2020-01-27 18:58:54'),
('hishida_test', 383, 0, '2020-01-27 18:58:27', '2020-01-27 18:58:27'),
('hishida_test', 425, 0, '2020-01-31 15:53:27', '2020-01-31 15:53:27'),
('hishida_test', 426, 0, '2020-02-01 15:06:05', '2020-02-01 15:06:05'),
('hishida_test', 429, 0, '2020-02-01 15:03:23', '2020-02-01 15:03:23'),
('hishida_test', 463, 1, '2020-02-01 13:17:43', '2020-02-01 13:20:31'),
('hishida_test', 464, 1, '2020-02-01 13:14:44', '2020-02-01 13:20:32'),
('natsu', 476, 0, '2020-02-05 14:42:13', '2020-02-05 15:08:52'),
('yamamoto1', 154, 0, '2020-01-23 05:24:05', '2020-01-23 05:24:05'),
('yamamoto1', 155, 1, '2020-01-23 05:23:43', '2020-01-23 05:23:56'),
('yamamoto1', 156, 1, '2020-01-23 05:22:50', '2020-01-23 05:23:56'),
('yamamoto1', 157, 1, '2020-01-23 05:23:36', '2020-01-23 05:23:58'),
('yamamoto1', 258, 1, '2020-01-23 05:23:27', '2020-01-24 22:41:54'),
('yamamoto1', 290, 0, '2020-01-24 22:49:32', '2020-01-24 22:49:32'),
('yamamoto1', 357, 0, '2020-02-03 01:03:51', '2020-02-03 01:03:51'),
('zemmyo', 258, 0, '2020-01-23 05:01:00', '2020-01-23 05:01:00'),
('zemmyo', 288, 1, '2020-01-24 21:08:23', '2020-01-24 22:37:32'),
('zemmyo', 478, 0, '2020-02-06 03:15:01', '2020-02-06 03:15:01');

-- --------------------------------------------------------

--
-- テーブルの構造 `user_direct_messages`
--

CREATE TABLE `user_direct_messages` (
  `id` int(11) NOT NULL,
  `sender_user_id` varchar(32) NOT NULL,
  `receiver_user_id` varchar(32) NOT NULL,
  `message_text` varchar(1024) NOT NULL,
  `is_deleted` tinyint(1) NOT NULL,
  `created_at` timestamp NOT NULL DEFAULT current_timestamp(),
  `updated_at` timestamp NOT NULL DEFAULT current_timestamp() ON UPDATE current_timestamp()
) ENGINE=InnoDB DEFAULT CHARSET=utf8;

--
-- ダンプしたテーブルのインデックス
--

--
-- テーブルのインデックス `attached_contents`
--
ALTER TABLE `attached_contents`
  ADD PRIMARY KEY (`id`,`post_id`);

--
-- テーブルのインデックス `disclosure_lists`
--
ALTER TABLE `disclosure_lists`
  ADD PRIMARY KEY (`id`);

--
-- テーブルのインデックス `disclosure_lists_join_requests`
--
ALTER TABLE `disclosure_lists_join_requests`
  ADD PRIMARY KEY (`list_id`,`request_user_id`);

--
-- テーブルのインデックス `disclosure_lists_users`
--
ALTER TABLE `disclosure_lists_users`
  ADD PRIMARY KEY (`list_id`,`user_id`);

--
-- テーブルのインデックス `include_disclosure_lists`
--
ALTER TABLE `include_disclosure_lists`
  ADD PRIMARY KEY (`parent_list_id`,`included_list_id`);

--
-- テーブルのインデックス `migrations`
--
ALTER TABLE `migrations`
  ADD PRIMARY KEY (`id`);

--
-- テーブルのインデックス `posts_valid_disclosure_lists`
--
ALTER TABLE `posts_valid_disclosure_lists`
  ADD PRIMARY KEY (`list_id`,`post_id`);

--


--
-- テーブルのインデックス `users_blocks`
--
ALTER TABLE `users_blocks`
  ADD PRIMARY KEY (`subject_user_id`,`blocked_user_id`);

--
-- テーブルのインデックス `users_favorites`
--
ALTER TABLE `users_favorites`
  ADD PRIMARY KEY (`user_id`,`post_id`);

--
-- テーブルのインデックス `users_follows`
--
ALTER TABLE `users_follows`
  ADD PRIMARY KEY (`subject_user_id`,`followed_user_id`);

--
-- テーブルのインデックス `users_posts`
--
ALTER TABLE `users_posts`
  ADD PRIMARY KEY (`id`);

--
-- テーブルのインデックス `users_sessions`
--
ALTER TABLE `users_sessions`
  ADD PRIMARY KEY (`id`);

--
-- テーブルのインデックス `users_share_posts`
--
ALTER TABLE `users_share_posts`
  ADD PRIMARY KEY (`repost_user_id`,`origin_post_id`);

--
-- テーブルのインデックス `user_direct_messages`
--
ALTER TABLE `user_direct_messages`
  ADD PRIMARY KEY (`id`);

--
-- ダンプしたテーブルの AUTO_INCREMENT
--

--
-- テーブルの AUTO_INCREMENT `attached_contents`
--
ALTER TABLE `attached_contents`
  MODIFY `id` int(11) NOT NULL AUTO_INCREMENT, AUTO_INCREMENT=175;

--
-- テーブルの AUTO_INCREMENT `disclosure_lists`
--
ALTER TABLE `disclosure_lists`
  MODIFY `id` int(11) NOT NULL AUTO_INCREMENT, AUTO_INCREMENT=192;

--
-- テーブルの AUTO_INCREMENT `migrations`
--
ALTER TABLE `migrations`
  MODIFY `id` int(10) UNSIGNED NOT NULL AUTO_INCREMENT;

--
-- テーブルの AUTO_INCREMENT `users_posts`
--
ALTER TABLE `users_posts`
  MODIFY `id` bigint(11) NOT NULL AUTO_INCREMENT, AUTO_INCREMENT=480;

--
-- テーブルの AUTO_INCREMENT `user_direct_messages`
--
ALTER TABLE `user_direct_messages`
  MODIFY `id` int(11) NOT NULL AUTO_INCREMENT;
COMMIT;

/*!40101 SET CHARACTER_SET_CLIENT=@OLD_CHARACTER_SET_CLIENT */;
/*!40101 SET CHARACTER_SET_RESULTS=@OLD_CHARACTER_SET_RESULTS */;
/*!40101 SET COLLATION_CONNECTION=@OLD_COLLATION_CONNECTION */;
